Virus name	Accession ID	Collection date	Location	Host	Passage	Specimen	Additional host information	Sequencing technology	Assembly method	Comment	Comment type	Lineage	Clade
hCoV-19/Ghana/NMIMR-TRA-133/2021	EPI_ISL_1018071	2021-01-10	Africa / Ghana	Human	Original	Nasopharyngeal and oropharyngeal		Illumina	Bwa v. 0.7.17-r1188	NS8_K68stop results in 44.6% truncation of the protein sequence. NS8_Q27stop results in 78.5% truncation of the protein sequence. Gap of 19 nucleotides when compared to the reference sequence.	info	B.1.1.7	GRY
hCoV-19/Ghana/NMIMR-TRA-137/2021	EPI_ISL_1018072	2021-01-10	Africa / Ghana	Human	Original	Nasopharyngeal and oropharyngeal		Illumina	Bwa v. 0.7.17-r1188			R.1	GR
hCoV-19/Ghana/NMIMR-TRA-140/2021	EPI_ISL_1018073	2021-01-10	Africa / Ghana	Human	Original	Nasopharyngeal and oropharyngeal		Illumina	Bwa v. 0.7.17-r1188			L.3	GR
hCoV-19/Ghana/NMIMR-TRA-143/2021	EPI_ISL_1018074	2021-01-10	Africa / Ghana	Human	Original	Nasopharyngeal and oropharyngeal		Illumina	Bwa v. 0.7.17-r1188	Gap of 18 nucleotides when compared to the reference sequence.	info	B.1.351	GH
hCoV-19/Ghana/NMIMR-TRA-158/2021	EPI_ISL_1018075	2021-01-11	Africa / Ghana	Human	Original	Nasopharyngeal and oropharyngeal		Illumina	Bwa v. 0.7.17-r1188	%UniqueMutations 0.06%.	warn	B.1	GH
hCoV-19/Ghana/NMIMR-TRA-175/2021	EPI_ISL_1018076	2021-01-12	Africa / Ghana	Human	Original	Nasopharyngeal and oropharyngeal		Illumina	Bwa v. 0.7.17-r1188			B.1.2	GH
hCoV-19/Ghana/NMIMR-TRA-178/2021	EPI_ISL_1018077	2021-01-12	Africa / Ghana	Human	Original	Nasopharyngeal and oropharyngeal		Illumina	Bwa v. 0.7.17-r1188			L.3	GR
hCoV-19/Ghana/NMIMR-TRA-182/2021	EPI_ISL_1018078	2021-01-12	Africa / Ghana	Human	Original	Nasopharyngeal and oropharyngeal		Illumina	Bwa v. 0.7.17-r1188			B.1	GR
hCoV-19/Ghana/NMIMR-TRA-186/2021	EPI_ISL_1018079	2021-01-12	Africa / Ghana	Human	Original	Nasopharyngeal and oropharyngeal		Illumina	Bwa v. 0.7.17-r1188	Gap of 18 nucleotides when compared to the reference sequence.	info	B.1.351	GH
hCoV-19/Ghana/NMIMR-TRA-187/2021	EPI_ISL_1018080	2021-01-12	Africa / Ghana	Human	Original	Nasopharyngeal and oropharyngeal		Illumina	Bwa v. 0.7.17-r1188			B.1.1.487	GR
hCoV-19/Ghana/NMIMR-TRA-188/2021	EPI_ISL_1018081	2021-01-12	Africa / Ghana	Human	Original	Nasopharyngeal and oropharyngeal		Illumina	Bwa v. 0.7.17-r1188			R.1	GR
hCoV-19/Ghana/NMIMR-TRA-190/2021	EPI_ISL_1018082	2021-01-13	Africa / Ghana	Human	Original	Nasopharyngeal and oropharyngeal		Illumina	Bwa v. 0.7.17-r1188	Gap of 15 nucleotides when compared to the reference sequence.	info	B.1.525	G
hCoV-19/Ghana/NMIMR-TRA-194/2021	EPI_ISL_1018083	2021-01-13	Africa / Ghana	Human	Original	Nasopharyngeal and oropharyngeal		Illumina	Bwa v. 0.7.17-r1188	NS8_Q27stop results in 78.5% truncation of the protein sequence. Gap of 19 nucleotides when compared to the reference sequence.	info	B.1.1.7	GRY
hCoV-19/Ghana/NMIMR-TRA-198/2021	EPI_ISL_1018084	2021-01-13	Africa / Ghana	Human	Original	Nasopharyngeal and oropharyngeal		Illumina	Bwa v. 0.7.17-r1188			B.1.2	GH
hCoV-19/Ghana/NMIMR-TRA-201/2021	EPI_ISL_1018085	2021-01-14	Africa / Ghana	Human	Original	Nasopharyngeal and oropharyngeal		Illumina	Bwa v. 0.7.17-r1188	Gap of 18 nucleotides when compared to the reference sequence.	info	B.1.351	GH
hCoV-19/Ghana/NMIMR-TRA-204/2021	EPI_ISL_1018086	2021-01-14	Africa / Ghana	Human	Original	Nasopharyngeal and oropharyngeal		Illumina	Bwa v. 0.7.17-r1188	Gap of 18 nucleotides when compared to the reference sequence.	info	B.1	G
hCoV-19/Ghana/NMIMR-TRA-207/2021	EPI_ISL_1018087	2021-01-14	Africa / Ghana	Human	Original	Nasopharyngeal and oropharyngeal		Illumina	Bwa v. 0.7.17-r1188	Gap of 9 nucleotides when compared to the reference sequence.	info	B.1.596	O
hCoV-19/Ghana/NMIMR-NTRA-13164/2020	EPI_ISL_1018088	2020-12-10	Africa / Ghana	Human	Original	Nasopharyngeal and oropharyngeal		Illumina	Bwa v. 0.7.17-r1188	NS8_K68stop results in 44.6% truncation of the protein sequence. NS8_Q27stop results in 78.5% truncation of the protein sequence. Gap of 19 nucleotides when compared to the reference sequence.	info	B.1.1.7	O
hCoV-19/Ghana/NMIMR-NTRA-13166/2020	EPI_ISL_1018089	2020-12-10	Africa / Ghana	Human	Original	Nasopharyngeal and oropharyngeal		Illumina	Bwa v. 0.7.17-r1188			B.1.153	O
hCoV-19/Ghana/NMIMR-NTRA-14807/2020	EPI_ISL_1018090	2020-12-22	Africa / Ghana	Human	Original	Nasopharyngeal and oropharyngeal		Illumina	Bwa v. 0.7.17-r1188			B.1.1	GR
hCoV-19/Ghana/NMIMR-NTRA-14877/2020	EPI_ISL_1018091	2020-12-23	Africa / Ghana	Human	Original	Nasopharyngeal and oropharyngeal		Illumina	Bwa v. 0.7.17-r1188			A	O
hCoV-19/Ghana/NMIMR-NTRA-14902/2020	EPI_ISL_1018092	2020-12-23	Africa / Ghana	Human	Original	Nasopharyngeal and oropharyngeal		Illumina	Bwa v. 0.7.17-r1188	NS8_K68stop results in 44.6% truncation of the protein sequence. NS8_Q27stop results in 78.5% truncation of the protein sequence. Gap of 19 nucleotides when compared to the reference sequence.	info	B.1.1.7	GRY
hCoV-19/Ghana/NMIMR-NTRA-15010/2020	EPI_ISL_1018093	2020-12-24	Africa / Ghana	Human	Original	Nasopharyngeal and oropharyngeal		Illumina	Bwa v. 0.7.17-r1188			B.1.1	GR
hCoV-19/Ghana/NMIMR-NTRA-15015/2020	EPI_ISL_1018094	2020-12-24	Africa / Ghana	Human	Original	Nasopharyngeal and oropharyngeal		Illumina	Bwa v. 0.7.17-r1188			B.1.361	GH
hCoV-19/Ghana/NMIMR-NTRA-15050/2020	EPI_ISL_1018095	2020-12-24	Africa / Ghana	Human	Original	Nasopharyngeal and oropharyngeal		Illumina	Bwa v. 0.7.17-r1188			B.1.1	GR
hCoV-19/Ghana/NMIMR-NTRA-15338/2020	EPI_ISL_1018096	2020-12-27	Africa / Ghana	Human	Original	Nasopharyngeal and oropharyngeal		Illumina	Bwa v. 0.7.17-r1188			B.1.1	GR
hCoV-19/Ghana/NMIMR-NTRA-15362/2020	EPI_ISL_1018097	2020-12-27	Africa / Ghana	Human	Original	Nasopharyngeal and oropharyngeal		Illumina	Bwa v. 0.7.17-r1188	NS8_K68stop results in 44.6% truncation of the protein sequence. NS8_Q27stop results in 78.5% truncation of the protein sequence. Gap of 10 nucleotides when compared to the reference sequence.	info	B.1.1.7	GRY
hCoV-19/Ghana/NMIMR-NTRA-15381/2020	EPI_ISL_1018098	2020-12-27	Africa / Ghana	Human	Original	Nasopharyngeal and oropharyngeal		Illumina	Bwa v. 0.7.17-r1188			R.1	GR
hCoV-19/Ghana/NMIMR-NTRA-8993/2020	EPI_ISL_1018099	2020-11-06	Africa / Ghana	Human	Original	Nasopharyngeal and oropharyngeal		Illumina	Bwa v. 0.7.17-r1188			B.1.1.485	GR
hCoV-19/Ghana/NMIMR-NTRA-9791/2020	EPI_ISL_1018100	2020-11-13	Africa / Ghana	Human	Original	Nasopharyngeal and oropharyngeal		Illumina	Bwa v. 0.7.17-r1188			B.1.1	GR
hCoV-19/Ghana/NMIMR-NTRA-9793/2020	EPI_ISL_1018101	2020-11-13	Africa / Ghana	Human	Original	Nasopharyngeal and oropharyngeal		Illumina	Bwa v. 0.7.17-r1188	Gap of 5 nucleotides when compared to the reference sequence.	info	B.1.1	GR
hCoV-19/Ghana/WACCBIP-GS17/2020	EPI_ISL_1255105	2020-09-03	Africa / Ghana / Lower Manya Krobo	Human	Original	Sputum		Nanopore MinION				B.1.1	GR
hCoV-19/Ghana/WACCBIP-GS171/2020	EPI_ISL_1255106	2020-08-20	Africa / Ghana / Eastern / Greater Accra	Human	Original	Sputum		Nanopore MinION				B.1.1	GR
hCoV-19/Ghana/WACCBIP-GS172/2020	EPI_ISL_1255107	2020-07-30	Africa / Ghana / Eastern / Greater Accra / Lower Manya Krobo	Human	Original	Sputum		Nanopore MinION				B.1.1.359	GR
hCoV-19/Ghana/WACCBIP-GS173/2020	EPI_ISL_1255108	2020-08-20	Africa / Ghana / Eastern / Greater Accra / New Juaben South	Human	Original	Sputum		Nanopore MinION				B.1.1	GR
hCoV-19/Ghana/WACCBIP-GS175/2020	EPI_ISL_1255109	2020-08-20	Africa / Ghana / Eastern / Greater Accra / New Juaben South	Human	Original	Sputum		Nanopore MinION				A.11	S
hCoV-19/Ghana/WACCBIP-GS176/2020	EPI_ISL_1255110	2020-07-30	Africa / Ghana / Eastern / Greater Accra / Abuakwa South	Human	Original	Sputum		Nanopore MinION		Gap of 9 nucleotides when compared to the reference sequence.	info	B.1.1	GR
hCoV-19/Ghana/WACCBIP-GS177/2020	EPI_ISL_1255111	2020-08-20	Africa / Ghana / Eastern / Greater Accra / Fanteakwa North	Human	Original	Sputum		Nanopore MinION				B.1.1	GR
hCoV-19/Ghana/WACCBIP-GS178/2020	EPI_ISL_1255112	2020-08-21	Africa / Ghana / Eastern / Greater Accra / Birim Central	Human	Original	Sputum		Nanopore MinION		Stretches of NNNs (3.63% of overall sequence).	warn	B.1.1.403	GR
hCoV-19/Ghana/WACCBIP-GS180/2020	EPI_ISL_1255113	2020-08-04	Africa / Ghana / Western Region / Takoradi	Human	Original	Sputum		Nanopore MinION		NS8_E106stop results in 13.2% truncation of the protein sequence.	info	A.11	S
hCoV-19/Ghana/WACCBIP-GS181/2020	EPI_ISL_1255114	2020-08-06	Africa / Ghana / Western Region / Takoradi	Human	Original	Sputum		Nanopore MinION				B.1.1.485	GR
hCoV-19/Ghana/WACCBIP-GS182/2020	EPI_ISL_1255115	2020-08-24	Africa / Ghana / Western Region / Takoradi	Human	Original	Sputum		Nanopore MinION				B.1.1.359	GR
hCoV-19/Ghana/WACCBIP-GS183/2020	EPI_ISL_1255116	2020-07-20	Africa / Ghana / Western Region / Takoradi	Human	Original	Sputum		Nanopore MinION		Gap of 9 nucleotides when compared to the reference sequence.	info	B.1.1.485	GR
hCoV-19/Ghana/WACCBIP-GS184/2020	EPI_ISL_1255117	2020-07-20	Africa / Ghana / Western Region / Takoradi	Human	Original	Sputum		Nanopore MinION				B.1.1.462	GR
hCoV-19/Ghana/WACCBIP-GS185/2020	EPI_ISL_1255118	2020-08-20	Africa / Ghana / Atiwa West	Human	Original	Sputum		Nanopore MinION				B.1.1	GR
hCoV-19/Ghana/WACCBIP-GS186/2020	EPI_ISL_1255119	2020-07-30	Africa / Ghana / Tarkwa Gold Fields	Human	Original	Oropharyngeal		Nanopore MinION				B.1.1.485	GR
hCoV-19/Ghana/WACCBIP-GS191/2021	EPI_ISL_1255120	2021-01-07	Africa / Ghana	Human	Original	Sputum		Nanopore MinION		NS8_K68stop results in 44.6% truncation of the protein sequence. NS8_Q27stop results in 78.5% truncation of the protein sequence. Gap of 19 nucleotides when compared to the reference sequence.	info	B.1.1.7	GRY
hCoV-19/Ghana/WACCBIP-GS192/2021	EPI_ISL_1255121	2021-01-07	Africa / Ghana	Human	Original	Sputum		Nanopore MinION		NS8_K68stop results in 44.6% truncation of the protein sequence. NS8_Q27stop results in 78.5% truncation of the protein sequence. Gap of 19 nucleotides when compared to the reference sequence.	info	B.1.1.7	GRY
hCoV-19/Ghana/WACCBIP-GS193/2021	EPI_ISL_1255122	2021-01-07	Africa / Ghana	Human	Original	Sputum		Nanopore MinION		Gap of 19 nucleotides when compared to the reference sequence.	info	B.1.1.7	GRY
hCoV-19/Ghana/WACCBIP-GS194/2021	EPI_ISL_1255123	2021-01-12	Africa / Ghana	Human	Original	Oropharyngeal		Nanopore MinION		NS8_K68stop results in 44.6% truncation of the protein sequence. NS8_Q27stop results in 78.5% truncation of the protein sequence. Gap of 19 nucleotides when compared to the reference sequence.	info	B.1.1.7	GRY
hCoV-19/Ghana/WACCBIP-GS195/2021	EPI_ISL_1255124	2021-01-14	Africa / Ghana	Human	Original	Oropharyngeal		Nanopore MinION		NS8_K68stop results in 44.6% truncation of the protein sequence. NS8_Q27stop results in 78.5% truncation of the protein sequence. Gap of 19 nucleotides when compared to the reference sequence.	info	B.1.1.7	GRY
hCoV-19/Ghana/WACCBIP-GS196/2021	EPI_ISL_1255125	2021-01-15	Africa / Ghana	Human	Original	Nasopharyngeal		Nanopore MinION		NS8_K68stop results in 44.6% truncation of the protein sequence. NS8_Q27stop results in 78.5% truncation of the protein sequence. Gap of 19 nucleotides when compared to the reference sequence.	info	B.1.1.7	GRY
hCoV-19/Ghana/WACCBIP-GS197/2021	EPI_ISL_1255126	2021-01-15	Africa / Ghana	Human	Original	Oropharyngeal		Nanopore MinION		NS8_K68stop results in 44.6% truncation of the protein sequence. NS8_Q27stop results in 78.5% truncation of the protein sequence. Gap of 19 nucleotides when compared to the reference sequence.	info	B.1.1.7	GRY
hCoV-19/Ghana/WACCBIP-GS198/2021	EPI_ISL_1255127	2021-01-15	Africa / Ghana	Human	Original	Sputum		Nanopore MinION		NS8_K68stop results in 44.6% truncation of the protein sequence. NS8_Q27stop results in 78.5% truncation of the protein sequence. Gap of 19 nucleotides when compared to the reference sequence.	info	B.1.1.7	GRY
hCoV-19/Ghana/WACCBIP-GS199/2021	EPI_ISL_1255128	2021-01-15	Africa / Ghana	Human	Original	Oropharyngeal		Nanopore MinION		NS8_K68stop results in 44.6% truncation of the protein sequence. NS8_Q27stop results in 78.5% truncation of the protein sequence. Gap of 19 nucleotides when compared to the reference sequence.	info	B.1.1.7	GRY
hCoV-19/Ghana/WACCBIP-GS200/2021	EPI_ISL_1255129	2021-01-15	Africa / Ghana	Human	Original	Oropharyngeal		Nanopore MinION		NS8_K68stop results in 44.6% truncation of the protein sequence. NS8_Q27stop results in 78.5% truncation of the protein sequence. Gap of 19 nucleotides when compared to the reference sequence.	info	B.1.1.7	GRY
hCoV-19/Ghana/WACCBIP-GS201/2021	EPI_ISL_1255130	2021-01-15	Africa / Ghana	Human	Original	Sputum		Nanopore MinION		NS8_E64stop results in 47.9% truncation of the protein sequence. Gap of 3 nucleotides when compared to the reference sequence.	info	B.1.1	GR
hCoV-19/Ghana/WACCBIP-GS202/2021	EPI_ISL_1255131	2021-01-15	Africa / Ghana	Human	Original	Nasopharyngeal		Nanopore MinION		NS8_K68stop results in 44.6% truncation of the protein sequence. NS8_Q27stop results in 78.5% truncation of the protein sequence. Gap of 19 nucleotides when compared to the reference sequence.	info	B.1.1.7	GRY
hCoV-19/Ghana/WACCBIP-GS203/2021	EPI_ISL_1255132	2021-01-15	Africa / Ghana	Human	Original	Nasopharyngeal		Nanopore MinION		NS8_Q27stop results in 78.5% truncation of the protein sequence. Gap of 19 nucleotides when compared to the reference sequence.	info	B.1.1.7	GRY
hCoV-19/Ghana/WACCBIP-GS204/2021	EPI_ISL_1255133	2021-01-15	Africa / Ghana	Human	Original	Nasopharyngeal		Nanopore MinION		NS8_K68stop results in 44.6% truncation of the protein sequence. NS8_Q27stop results in 78.5% truncation of the protein sequence. Gap of 19 nucleotides when compared to the reference sequence.	info	B.1.1.7	GRY
hCoV-19/Ghana/WACCBIP-GS205/2021	EPI_ISL_1255134	2021-01-15	Africa / Ghana	Human	Original	Sputum		Nanopore MinION		NS8_K68stop results in 44.6% truncation of the protein sequence. NS8_Q27stop results in 78.5% truncation of the protein sequence. Gap of 19 nucleotides when compared to the reference sequence.	info	B.1.1.7	GRY
hCoV-19/Ghana/WACCBIP-GS206/2021	EPI_ISL_1255135	2021-01-15	Africa / Ghana	Human	Original	Sputum		Nanopore MinION		NS8_K68stop results in 44.6% truncation of the protein sequence. NS8_Q27stop results in 78.5% truncation of the protein sequence. Gap of 19 nucleotides when compared to the reference sequence.	info	B.1.1.7	GRY
hCoV-19/Ghana/WACCBIP-GS207/2021	EPI_ISL_1255136	2021-01-15	Africa / Ghana	Human	Original	Oropharyngeal		Nanopore MinION		NS8_K68stop results in 44.6% truncation of the protein sequence. NS8_Q27stop results in 78.5% truncation of the protein sequence. Gap of 19 nucleotides when compared to the reference sequence.	info	B.1.1.7	GRY
hCoV-19/Ghana/WACCBIP-GS208/2021	EPI_ISL_1255137	2021-01-15	Africa / Ghana	Human	Original	Oropharyngeal		Nanopore MinION		NS8_K68stop results in 44.6% truncation of the protein sequence. NS8_Q27stop results in 78.5% truncation of the protein sequence. Gap of 19 nucleotides when compared to the reference sequence.	info	B.1.1.7	GRY
hCoV-19/Ghana/WACCBIP-GS209/2021	EPI_ISL_1255138	2021-01-15	Africa / Ghana	Human	Original	Oropharyngeal		Nanopore MinION		NS8_K68stop results in 44.6% truncation of the protein sequence. NS8_Q27stop results in 78.5% truncation of the protein sequence. Gap of 19 nucleotides when compared to the reference sequence.	info	B.1.1.7	GRY
hCoV-19/Ghana/WACCBIP-GS210/2021	EPI_ISL_1255139	2021-01-15	Africa / Ghana	Human	Original	Oropharyngeal		Nanopore MinION		NS8_K68stop results in 44.6% truncation of the protein sequence. NS8_Q27stop results in 78.5% truncation of the protein sequence. Gap of 19 nucleotides when compared to the reference sequence.	info	B.1.1.7	GRY
hCoV-19/Ghana/WACCBIP-GS211/2021	EPI_ISL_1255140	2021-01-16	Africa / Ghana	Human	Original	Oropharyngeal		Nanopore MinION		NS8_K68stop results in 44.6% truncation of the protein sequence. NS8_Q27stop results in 78.5% truncation of the protein sequence. Gap of 19 nucleotides when compared to the reference sequence.	info	B.1.1.7	GRY
hCoV-19/Ghana/WACCBIP-GS212/2021	EPI_ISL_1255141	2021-01-16	Africa / Ghana	Human	Original	Oropharyngeal		Nanopore MinION		Stretches of NNNs (1.00% of overall sequence). NS8_K68stop results in 44.6% truncation of the protein sequence. NS8_Q27stop results in 78.5% truncation of the protein sequence. Gap of 19 nucleotides when compared to the reference sequence.	warn	B.1.1.7	GRY
hCoV-19/Ghana/WACCBIP-GS220/2020	EPI_ISL_1255142	2020-07-25	Africa / Ghana / Tarkwa	Human	Original	Oropharyngeal		Nanopore MinION		Stretches of NNNs (1.61% of overall sequence).	warn	B.1.1	O
hCoV-19/Ghana/WACCBIP-GS221/2020	EPI_ISL_1255143	2020-07-25	Africa / Ghana / Tarkwa	Human	Original	Oropharyngeal		Nanopore MinION		Stretches of NNNs (4.32% of overall sequence).	warn	B.1.1	GR
hCoV-19/Ghana/WACCBIP-GS222/2020	EPI_ISL_1255144	2020-07-25	Africa / Ghana / Tarkwa	Human	Original	Oropharyngeal		Nanopore MinION				B.1.1	GR
hCoV-19/Ghana/WACCBIP-GS223/2020	EPI_ISL_1255145	2020-08-21	Africa / Ghana / Abuakwa North	Human	Original	Sputum		Nanopore MinION				B.1.1.359	GR
hCoV-19/Ghana/WACCBIP-GS225/2020	EPI_ISL_1255146	2020-08-24	Africa / Ghana / New Juabeng South	Human	Original	Sputum		Nanopore MinION		Stretches of NNNs (3.52% of overall sequence).	warn	B.1.1	GR
hCoV-19/Ghana/WACCBIP-GS226/2020	EPI_ISL_1255147	2020-08-24	Africa / Ghana / New Juabeng South	Human	Original	Sputum		Nanopore MinION				B.1.1	GR
hCoV-19/Ghana/WACCBIP-GS227/2020	EPI_ISL_1255148	2020-08-24	Africa / Ghana / Kwahu West	Human	Original	Oropharyngeal		Nanopore MinION		Stretches of NNNs (1.73% of overall sequence).	warn	B.1.1	GR
hCoV-19/Ghana/WACCBIP-GS228/2020	EPI_ISL_1255149	2020-08-24	Africa / Ghana / Ledzokoku	Human	Original	Oropharyngeal		Nanopore MinION				B.1.1.485	GR
hCoV-19/Ghana/WACCBIP-GS229/2020	EPI_ISL_1255150	2020-08-24	Africa / Ghana / Accra Metro	Human	Original	Nasopharyngeal		Nanopore MinION				B.1.1.485	GR
hCoV-19/Ghana/WACCBIP-GS230/2020	EPI_ISL_1255151	2020-08-26	Africa / Ghana / Kwahu East	Human	Original	Sputum		Nanopore MinION				B.1.1	GR
hCoV-19/Ghana/WACCBIP-GS231/2020	EPI_ISL_1255152	2020-08-26	Africa / Ghana / Ledzokoku	Human	Original	Oropharyngeal		Nanopore MinION		Gap of 9 nucleotides when compared to the reference sequence.	info	B.1.1	GR
hCoV-19/Ghana/WACCBIP-GS233/2020	EPI_ISL_1255153	2020-08-31	Africa / Ghana / Ledzokoku	Human	Original	Oropharyngeal		Nanopore MinION		Stretches of NNNs (1.74% of overall sequence).	warn	B.1.1	GR
hCoV-19/Ghana/WACCBIP-GS234/2020	EPI_ISL_1255154	2020-08-27	Africa / Ghana / New Juabeng South	Human	Original	Sputum		Nanopore MinION				B.1.1.239	GR
hCoV-19/Ghana/WACCBIP-GS235/2020	EPI_ISL_1255155	2020-08-27	Africa / Ghana / New Juabeng South	Human	Original	Sputum		Nanopore MinION				B.1.1.117	GR
hCoV-19/Ghana/WACCBIP-GS236/2020	EPI_ISL_1255156	2020-08-27	Africa / Ghana / Ledzokoku	Human	Original	Oropharyngeal		Nanopore MinION		Gap of 3 nucleotides when compared to the reference sequence.	info	B.1.1	GR
hCoV-19/Ghana/WACCBIP-GS240/2021	EPI_ISL_1255157	2021-01-01	Africa / Ghana / Cape Coast	Human	Original	Sputum		Nanopore MinION				B.1	GH
hCoV-19/Ghana/WACCBIP-GS243/2021	EPI_ISL_1255158	2021-01-05	Africa / Ghana / Cape Coast	Human	Original	Sputum		Nanopore MinION				B.1.1	GR
hCoV-19/Ghana/WACCBIP-GS244/2021	EPI_ISL_1255159	2021-01-06	Africa / Ghana / Cape Coast	Human	Original	Sputum		Nanopore MinION		Stretches of NNNs (1.71% of overall sequence).	warn	B.1	GH
hCoV-19/Ghana/WACCBIP-GS246/2021	EPI_ISL_1255160	2021-01-06	Africa / Ghana / Cape Coast	Human	Original	Sputum		Nanopore MinION				B.1.1	GR
hCoV-19/Ghana/WACCBIP-GS249/2021	EPI_ISL_1255161	2021-01-07	Africa / Ghana / Cape Coast	Human	Original	Sputum		Nanopore MinION		NS8_K68stop results in 44.6% truncation of the protein sequence. NS8_Q27stop results in 78.5% truncation of the protein sequence. Gap of 19 nucleotides when compared to the reference sequence.	info	B.1.1.7	GRY
hCoV-19/Ghana/WACCBIP-GS250/2021	EPI_ISL_1255162	2021-01-08	Africa / Ghana / Cape Coast	Human	Original	Sputum		Nanopore MinION				B.1.1	GR
hCoV-19/Ghana/WACCBIP-GS251/2020	EPI_ISL_1255163	2020-12-03	Africa / Ghana / Cape Coast	Human	Original	Sputum		Nanopore MinION		Stretches of NNNs (3.64% of overall sequence).	warn	B.1.1	GR
hCoV-19/Ghana/WACCBIP-GS252/2020	EPI_ISL_1255164	2020-12-03	Africa / Ghana / Cape Coast	Human	Original	Sputum		Nanopore MinION		Stretches of NNNs (4.51% of overall sequence).	warn	B.1	GH
hCoV-19/Ghana/WACCBIP-GS254/2020	EPI_ISL_1255165	2020-12-08	Africa / Ghana / Cape Coast	Human	Original	Sputum		Nanopore MinION				B.1	GH
hCoV-19/Ghana/WACCBIP-GS257/2020	EPI_ISL_1255166	2020-12-09	Africa / Ghana / Ashanti	Human	Original	Sputum		Nanopore MinION		Stretches of NNNs (4.45% of overall sequence). Gap of 5 nucleotides when compared to the reference sequence.	warn	B.1.1	GR
hCoV-19/Ghana/WACCBIP-GS258/2020	EPI_ISL_1255167	2020-12-14	Africa / Ghana / Ashanti	Human	Original	Sputum		Nanopore MinION				B.1.1	GR
hCoV-19/Ghana/WACCBIP-GS259/2020	EPI_ISL_1255168	2020-12-14	Africa / Ghana / Ashanti	Human	Original	Sputum		Nanopore MinION				B.1	GH
hCoV-19/Ghana/WACCBIP-GS260/2020	EPI_ISL_1255169	2020-12-02	Africa / Ghana / Bono	Human	Original	Sputum		Nanopore MinION				B.1.1	GR
hCoV-19/Ghana/WACCBIP-GS261/2020	EPI_ISL_1255170	2020-12-02	Africa / Ghana / Bono	Human	Original	Sputum		Nanopore MinION				B.1.1.239	GR
hCoV-19/Ghana/WACCBIP-GS262/2020	EPI_ISL_1255171	2020-12-02	Africa / Ghana / Bono	Human	Original	Sputum		Nanopore MinION		Stretches of NNNs (1.73% of overall sequence).	warn	B.1.1.359	GR
hCoV-19/Ghana/WACCBIP-GS263/2020	EPI_ISL_1255172	2020-12-10	Africa / Ghana / Bono	Human	Original	Sputum		Nanopore MinION				B.1.1.404	GR
hCoV-19/Ghana/WACCBIP-GS264/2020	EPI_ISL_1255173	2020-12-11	Africa / Ghana / Central	Human	Original	Sputum		Nanopore MinION				B.1.1	GR
hCoV-19/Ghana/WACCBIP-GS265/2020	EPI_ISL_1255174	2020-12-03	Africa / Ghana / Eastern	Human	Original	Sputum		Nanopore MinION				B.1.1	GR
hCoV-19/Ghana/WACCBIP-GS266/2020	EPI_ISL_1255175	2020-12-03	Africa / Ghana / Eastern	Human	Original	Sputum		Nanopore MinION				B.1	GH
hCoV-19/Ghana/WACCBIP-GS268/2020	EPI_ISL_1255176	2020-12-17	Africa / Ghana / Eastern	Human	Original	Sputum		Nanopore MinION				B.1.1	GR
hCoV-19/Ghana/WACCBIP-GS271/2020	EPI_ISL_1255177	2020-12-03	Africa / Ghana / Western	Human	Original	Sputum		Nanopore MinION		Gap of 36 nucleotides when compared to the reference sequence.	warn	B.1	GH
hCoV-19/Ghana/WACCBIP-GS273/2020	EPI_ISL_1255179	2020-12-03	Africa / Ghana / Western	Human	Original	Sputum		Nanopore MinION		Gap of 36 nucleotides when compared to the reference sequence.	warn	B.1	GH
hCoV-19/Ghana/WACCBIP-GS274/2020	EPI_ISL_1255180	2020-12-03	Africa / Ghana / Western	Human	Original	Sputum		Nanopore MinION		Gap of 36 nucleotides when compared to the reference sequence.	warn	B.1	GH
hCoV-19/Ghana/WACCBIP-GS275/2020	EPI_ISL_1255181	2020-12-03	Africa / Ghana / Western	Human	Original	Sputum		Nanopore MinION		Gap of 36 nucleotides when compared to the reference sequence.	warn	B.1	GH
hCoV-19/Ghana/WACCBIP-GS277/2020	EPI_ISL_1255183	2020-12-09	Africa / Ghana / Western North	Human	Original	Sputum		Nanopore MinION				B.1.1.359	GR
hCoV-19/Ghana/WACCBIP-GS278/2021	EPI_ISL_1255184	2021-01-15	Africa / Ghana	Human	Original	Nasopharyngeal		Nanopore MinION		NS8_K68stop results in 44.6% truncation of the protein sequence. NS8_Q27stop results in 78.5% truncation of the protein sequence. Gap of 19 nucleotides when compared to the reference sequence.	info	B.1.1.7	GRY
hCoV-19/Ghana/WACCBIP-GS279/2021	EPI_ISL_1255185	2021-01-15	Africa / Ghana	Human	Original	Sputum		Nanopore MinION		NS8_K68stop results in 44.6% truncation of the protein sequence. NS8_Q27stop results in 78.5% truncation of the protein sequence. Gap of 19 nucleotides when compared to the reference sequence.	info	B.1.1.7	GRY
hCoV-19/Ghana/WACCBIP-GS289/2020	EPI_ISL_1255186	2020-08-12	Africa / Ghana / Central / Cape Coast	Human	Original	Sputum		Nanopore MinION				B.1	GH
hCoV-19/Ghana/WACCBIP-GS292/2020	EPI_ISL_1255187	2020-11-28	Africa / Ghana / Cape Coast	Human	Original	Sputum		Nanopore MinION				B.1	GH
hCoV-19/Ghana/WACCBIP-GS293/2020	EPI_ISL_1255188	2020-11-27	Africa / Ghana / Cape Coast	Human	Original	Sputum		Nanopore MinION		NS7b without BLAST coverage.	warn	B.1.1	GR
hCoV-19/Ghana/WACCBIP-GS294/2020	EPI_ISL_1255189	2020-11-23	Africa / Ghana / Cape Coast	Human	Original	Sputum		Nanopore MinION				B.1.1	GR
hCoV-19/Ghana/WACCBIP-GS295/2020	EPI_ISL_1255190	2020-11-23	Africa / Ghana / Cape Coast	Human	Original	Sputum		Nanopore MinION				B.1.1	GR
hCoV-19/Ghana/WACCBIP-GS296/2020	EPI_ISL_1255191	2020-11-23	Africa / Ghana / Cape Coast	Human	Original	Sputum		Nanopore MinION		Gap of 8 nucleotides when compared to the reference sequence.	info	B.1.1	GR
hCoV-19/Ghana/WACCBIP-GS297/2020	EPI_ISL_1255192	2020-11-23	Africa / Ghana / Cape Coast	Human	Original	Sputum		Nanopore MinION				B.1.1	GR
hCoV-19/Ghana/WACCBIP-GS298/2020	EPI_ISL_1255193	2020-11-23	Africa / Ghana / Cape Coast	Human	Original	Sputum		Nanopore MinION				B.1	GH
hCoV-19/Ghana/WACCBIP-GS300/2020	EPI_ISL_1255195	2020-11-01	Africa / Ghana	Human	Original	Sputum		Nanopore MinION		Stretches of NNNs (1.45% of overall sequence).	warn	B.1.1	GR
hCoV-19/Ghana/WACCBIP-GS302/2020	EPI_ISL_1255196	2020-11-16	Africa / Ghana / Cape Coast	Human	Original	Sputum		Nanopore MinION				B.1	GH
hCoV-19/Ghana/WACCBIP-GS304/2020	EPI_ISL_1255198	2020-12-11	Africa / Ghana / Cape Coast	Human	Original	Sputum		Nanopore MinION				B.1	GH
hCoV-19/Ghana/WACCBIP-GS305/2020	EPI_ISL_1255199	2020-10-11	Africa / Ghana / Cape Coast	Human	Original	Sputum		Nanopore MinION		Stretches of NNNs (2.61% of overall sequence). Gap of 3 nucleotides when compared to the reference sequence.	warn	B.1.258	G
hCoV-19/Ghana/WACCBIP-GS307/2020	EPI_ISL_1255200	2020-10-26	Africa / Ghana / Cape Coast	Human	Original	Sputum		Nanopore MinION		NS7b without BLAST coverage.	warn	B.1.1.359	GR
hCoV-19/Ghana/WACCBIP-GS312/2021	EPI_ISL_1255202	2021-01-01	Africa / Ghana	Human	Original	Sputum		Nanopore MinION		Stretches of NNNs (1.73% of overall sequence). NS8_K68stop results in 44.6% truncation of the protein sequence. NS8_Q27stop results in 78.5% truncation of the protein sequence. Gap of 19 nucleotides when compared to the reference sequence.	warn	B.1.1.7	GRY
hCoV-19/Ghana/WACCBIP-GS314/2021	EPI_ISL_1255203	2021-01-13	Africa / Ghana / Cape Coast	Human	Original	Sputum		Nanopore MinION				B.1	GH
hCoV-19/Ghana/WACCBIP-GS315/2021	EPI_ISL_1255204	2021-01-13	Africa / Ghana / Cape Coast	Human	Original	Sputum		Nanopore MinION		Stretches of NNNs (1.45% of overall sequence). NS8_K68stop results in 44.6% truncation of the protein sequence. NS8_Q27stop results in 78.5% truncation of the protein sequence. Gap of 19 nucleotides when compared to the reference sequence.	warn	B.1.1.7	GRY
hCoV-19/Ghana/WACCBIP-GS317/2021	EPI_ISL_1255205	2021-01-13	Africa / Ghana / Cape Coast	Human	Original	Sputum		Nanopore MinION		NS8_K68stop results in 44.6% truncation of the protein sequence. NS8_Q27stop results in 78.5% truncation of the protein sequence. Gap of 19 nucleotides when compared to the reference sequence.	info	B.1.1.7	GRY
hCoV-19/Ghana/WACCBIP-GS319/2021	EPI_ISL_1255206	2021-01-13	Africa / Ghana / Cape Coast	Human	Original	Sputum		Nanopore MinION		NS8_K68stop results in 44.6% truncation of the protein sequence. NS8_Q27stop results in 78.5% truncation of the protein sequence. Gap of 19 nucleotides when compared to the reference sequence.	info	B.1.1.7	GRY
hCoV-19/Ghana/WACCBIP-GS320/2021	EPI_ISL_1255207	2021-01-12	Africa / Ghana / Cape Coast	Human	Original	Sputum		Nanopore MinION		NS8_K68stop results in 44.6% truncation of the protein sequence. NS8_Q27stop results in 78.5% truncation of the protein sequence. Gap of 19 nucleotides when compared to the reference sequence.	info	B.1.1.7	GRY
hCoV-19/Ghana/WACCBIP-GS321/2021	EPI_ISL_1255208	2021-01-12	Africa / Ghana / Cape Coast	Human	Original	Sputum		Nanopore MinION				B.1.1.359	GR
hCoV-19/Ghana/WACCBIP-GS323/2021	EPI_ISL_1255209	2021-01-12	Africa / Ghana / Cape Coast	Human	Original	Sputum		Nanopore MinION		NS8_E19stop results in 85.1% truncation of the protein sequence.	info	B.1.1	GR
hCoV-19/Ghana/WACCBIP-GS325/2021	EPI_ISL_1255210	2021-01-12	Africa / Ghana / Cape Coast	Human	Original	Sputum		Nanopore MinION		NS8_E19stop results in 85.1% truncation of the protein sequence.	info	B.1.1	GR
hCoV-19/Ghana/WACCBIP-GS326/2021	EPI_ISL_1255211	2021-01-12	Africa / Ghana / Cape Coast	Human	Original	Sputum		Nanopore MinION		Stretches of NNNs (2.73% of overall sequence).	warn	B.1.1	GR
hCoV-19/Ghana/WACCBIP-GS328/2021	EPI_ISL_1255212	2021-01-12	Africa / Ghana / Cape Coast	Human	Original	Sputum		Nanopore MinION		Stretches of NNNs (1.74% of overall sequence). NS8_Q27stop results in 78.5% truncation of the protein sequence. Gap of 9 nucleotides when compared to the reference sequence.	warn	B.1	G
hCoV-19/Ghana/WACCBIP-GS329/2021	EPI_ISL_1255213	2021-01-11	Africa / Ghana / Cape Coast	Human	Original	Sputum		Nanopore MinION				B.1.1.359	GR
hCoV-19/Ghana/WACCBIP-GS330/2021	EPI_ISL_1255214	2021-01-11	Africa / Ghana / Cape Coast	Human	Original	Sputum		Nanopore MinION		Stretches of NNNs (1.55% of overall sequence). NS8_K68stop results in 44.6% truncation of the protein sequence. NS8_Q27stop results in 78.5% truncation of the protein sequence. Gap of 19 nucleotides when compared to the reference sequence.	warn	B.1.1.7	GRY
hCoV-19/Ghana/WACCBIP-GS331/2021	EPI_ISL_1255215	2021-01-11	Africa / Ghana / Cape Coast	Human	Original	Sputum		Nanopore MinION		NS8_K68stop results in 44.6% truncation of the protein sequence. NS8_Q27stop results in 78.5% truncation of the protein sequence. Gap of 19 nucleotides when compared to the reference sequence.	info	B.1.1.7	GRY
hCoV-19/Ghana/WACCBIP-GS333/2021	EPI_ISL_1255216	2021-01-11	Africa / Ghana / Cape Coast	Human	Original	Sputum		Nanopore MinION		NS8_K68stop results in 44.6% truncation of the protein sequence. NS8_Q27stop results in 78.5% truncation of the protein sequence. Gap of 19 nucleotides when compared to the reference sequence.	info	B.1.1.7	GRY
hCoV-19/Ghana/WACCBIP-GS334/2021	EPI_ISL_1255217	2021-01-11	Africa / Ghana / Cape Coast	Human	Original	Sputum		Nanopore MinION		NS8_K68stop results in 44.6% truncation of the protein sequence. NS8_Q27stop results in 78.5% truncation of the protein sequence. Gap of 19 nucleotides when compared to the reference sequence.	info	B.1.1.7	GRY
hCoV-19/Ghana/WACCBIP-GS335/2021	EPI_ISL_1255218	2021-01-11	Africa / Ghana / Cape Coast	Human	Original	Sputum		Nanopore MinION				B.1.1	GR
hCoV-19/Ghana/WACCBIP-GS336/2021	EPI_ISL_1255219	2021-01-11	Africa / Ghana / Cape Coast	Human	Original	Sputum		Nanopore MinION		Stretches of NNNs (2.53% of overall sequence). NS8_K68stop results in 44.6% truncation of the protein sequence. NS8_Q27stop results in 78.5% truncation of the protein sequence. Gap of 19 nucleotides when compared to the reference sequence.	warn	B.1.1.7	GRY
hCoV-19/Ghana/WACCBIP-GS337/2021	EPI_ISL_1255220	2021-01-01	Africa / Ghana	Human	Original	Sputum		Nanopore MinION				B.1	GH
hCoV-19/Ghana/WACCBIP-GS339/2021	EPI_ISL_1255221	2021-01-01	Africa / Ghana	Human	Original	Sputum		Nanopore MinION				B.1	GH
hCoV-19/Ghana/WACCBIP-GS340/2021	EPI_ISL_1255222	2021-01-08	Africa / Ghana / Cape Coast	Human	Original	Sputum		Nanopore MinION		NS7a_Q62stop results in 49.6% truncation of the protein sequence. NS8_Q27stop results in 78.5% truncation of the protein sequence. Gap of 19 nucleotides when compared to the reference sequence.	info	B.1.1.7	GRY
hCoV-19/Ghana/WACCBIP-GS342/2021	EPI_ISL_1255223	2021-01-08	Africa / Ghana / Cape Coast	Human	Original	Sputum		Nanopore MinION				B.1.1	GR
hCoV-19/Ghana/WACCBIP-GS343/2021	EPI_ISL_1255224	2021-01-07	Africa / Ghana / Cape Coast	Human	Original	Sputum		Nanopore MinION		NS8_K68stop results in 44.6% truncation of the protein sequence. NS8_Q27stop results in 78.5% truncation of the protein sequence. Gap of 19 nucleotides when compared to the reference sequence.	info	B.1.1.7	GRY
hCoV-19/Ghana/WACCBIP-GS344/2021	EPI_ISL_1255225	2021-01-07	Africa / Ghana / Cape Coast	Human	Original	Sputum		Nanopore MinION		NS7a_Q62stop results in 49.6% truncation of the protein sequence. NS8_Q27stop results in 78.5% truncation of the protein sequence. Gap of 19 nucleotides when compared to the reference sequence.	info	B.1.1.7	GRY
hCoV-19/Ghana/WACCBIP-GS346/2021	EPI_ISL_1255226	2021-01-06	Africa / Ghana / Cape Coast	Human	Original	Sputum		Nanopore MinION		Stretches of NNNs (3.29% of overall sequence). NS8_K68stop results in 44.6% truncation of the protein sequence. NS8_Q27stop results in 78.5% truncation of the protein sequence. Gap of 19 nucleotides when compared to the reference sequence. E without BLAST coverage.	warn	B.1.1.7	GRY
hCoV-19/Ghana/WACCBIP-GS35/2020	EPI_ISL_1255228	2020-08-03	Africa / Ghana	Human	Original	Sputum		Nanopore MinION				B.1.1	GR
hCoV-19/Ghana/WACCBIP-GS351/2021	EPI_ISL_1255229	2021-02-01	Africa / Ghana / Cape Coast	Human	Original	Sputum		Nanopore MinION				B.1.1	GR
hCoV-19/Ghana/WACCBIP-GS352/2020	EPI_ISL_1255230	2020-11-23	Africa / Ghana	Human	Original	Sputum		Nanopore MinION				B.1.1	GR
hCoV-19/Ghana/WACCBIP-GS353/2020	EPI_ISL_1255231	2020-11-22	Africa / Ghana	Human	Original	Sputum		Nanopore MinION		Stretches of NNNs (1.73% of overall sequence).	warn	B.1	GH
hCoV-19/Ghana/WACCBIP-GS354/2020	EPI_ISL_1255232	2020-12-11	Africa / Ghana	Human	Original	Sputum		Nanopore MinION				B.1.1	GR
hCoV-19/Ghana/WACCBIP-GS357/2020	EPI_ISL_1255234	2020-10-26	Africa / Ghana	Human	Original	Sputum		Nanopore MinION		Stretches of NNNs (1.68% of overall sequence).	warn	B.1.1	GR
hCoV-19/Ghana/WACCBIP-GS358/2020	EPI_ISL_1255235	2020-11-27	Africa / Ghana	Human	Original	Sputum		Nanopore MinION				B.1.1	GR
hCoV-19/Ghana/WACCBIP-GS360/2020	EPI_ISL_1255236	2020-11-21	Africa / Ghana	Human	Original	Sputum		Nanopore MinION				B.1	GH
hCoV-19/Ghana/WACCBIP-GS361/2020	EPI_ISL_1255237	2020-11-29	Africa / Ghana	Human	Original	Sputum		Nanopore MinION				B.1	GH
hCoV-19/Ghana/WACCBIP-GS362/2020	EPI_ISL_1255238	2020-10-30	Africa / Ghana	Human	Original	Sputum		Nanopore MinION				B.1.1	GR
hCoV-19/Ghana/WACCBIP-GS365/2020	EPI_ISL_1255239	2020-12-03	Africa / Ghana	Human	Original	Sputum		Nanopore MinION				B.1	GH
hCoV-19/Ghana/WACCBIP-GS367/2020	EPI_ISL_1255240	2020-10-26	Africa / Ghana	Human	Original	Sputum		Nanopore MinION		Stretches of NNNs (1.67% of overall sequence).	warn	B.1.1	GR
hCoV-19/Ghana/WACCBIP-GS369/2020	EPI_ISL_1255241	2020-10-30	Africa / Ghana	Human	Original	Sputum		Nanopore MinION		Stretches of NNNs (1.78% of overall sequence).	warn	B.1	GH
hCoV-19/Ghana/WACCBIP-GS370/2020	EPI_ISL_1255242	2020-07-17	Africa / Ghana	Human	Original	Sputum		Nanopore MinION				B.1.1	GR
hCoV-19/Ghana/WACCBIP-GS372/2020	EPI_ISL_1255244	2020-07-22	Africa / Ghana	Human	Original	Sputum		Nanopore MinION				B.1.1.485	GR
hCoV-19/Ghana/WACCBIP-GS373/2020	EPI_ISL_1255245	2020-07-07	Africa / Ghana	Human	Original	Sputum		Nanopore MinION				B.1.1.485	GR
hCoV-19/Ghana/WACCBIP-GS374/2020	EPI_ISL_1255246	2020-07-23	Africa / Ghana	Human	Original	Sputum		Nanopore MinION				B.1.1.220	GR
hCoV-19/Ghana/WACCBIP-GS377/2020	EPI_ISL_1255247	2020-07-26	Africa / Ghana	Human	Original	Sputum		Nanopore MinION				B.1.1	GR
hCoV-19/Ghana/WACCBIP-GS380/2020	EPI_ISL_1255248	2020-07-17	Africa / Ghana	Human	Original	Sputum		Nanopore MinION				B.1.1	GR
hCoV-19/Ghana/WACCBIP-GS381/2020	EPI_ISL_1255249	2020-07-23	Africa / Ghana	Human	Original	Sputum		Nanopore MinION				B.1.1.359	GR
hCoV-19/Ghana/WACCBIP-GS383/2020	EPI_ISL_1255250	2020-09-30	Africa / Ghana	Human	Original	Sputum		Nanopore MinION		Stretches of NNNs (1.69% of overall sequence). NS7b without BLAST coverage.	warn	B.1.1.359	GR
hCoV-19/Ghana/WACCBIP-GS384/2020	EPI_ISL_1255251	2020-10-26	Africa / Ghana	Human	Original	Sputum		Nanopore MinION		NS7b without BLAST coverage.	warn	B.1.1.359	GR
hCoV-19/Ghana/WACCBIP-GS385/2020	EPI_ISL_1255252	2020-10-26	Africa / Ghana	Human	Original	Sputum		Nanopore MinION				B.1.1.359	GR
hCoV-19/Ghana/WACCBIP-GS386/2020	EPI_ISL_1255253	2020-10-26	Africa / Ghana	Human	Original	Sputum		Nanopore MinION				B.1.1.359	GR
hCoV-19/Ghana/WACCBIP-GS387/2020	EPI_ISL_1255254	2020-11-03	Africa / Ghana	Human	Original	Sputum		Nanopore MinION				B.1	GH
hCoV-19/Ghana/WACCBIP-GS388/2020	EPI_ISL_1255255	2020-11-04	Africa / Ghana	Human	Original	Sputum		Nanopore MinION				B.1	GH
hCoV-19/Ghana/WACCBIP-GS389/2020	EPI_ISL_1255256	2020-11-05	Africa / Ghana	Human	Original	Sputum		Nanopore MinION		Stretches of NNNs (1.73% of overall sequence).	warn	B.1	GH
hCoV-19/Ghana/WACCBIP-GS390/2020	EPI_ISL_1255257	2020-11-19	Africa / Ghana	Human	Original	Sputum		Nanopore MinION				B.1	GH
hCoV-19/Ghana/WACCBIP-GS391/2020	EPI_ISL_1255258	2020-11-19	Africa / Ghana	Human	Original	Sputum		Nanopore MinION				B.1	GH
hCoV-19/Ghana/WACCBIP-GS393/2020	EPI_ISL_1255259	2020-11-20	Africa / Ghana	Human	Original	Sputum		Nanopore MinION				B.1.1	GR
hCoV-19/Ghana/WACCBIP-GS394/2020	EPI_ISL_1255260	2020-11-23	Africa / Ghana	Human	Original	Sputum		Nanopore MinION				B.1.1	GR
hCoV-19/Ghana/WACCBIP-GS395/2020	EPI_ISL_1255261	2020-11-23	Africa / Ghana	Human	Original	Sputum		Nanopore MinION				B.1.1	GR
hCoV-19/Ghana/WACCBIP-GS396/2020	EPI_ISL_1255262	2020-11-23	Africa / Ghana	Human	Original	Sputum		Nanopore MinION		Stretches of NNNs (4.26% of overall sequence).	warn	B.1.1	GR
hCoV-19/Ghana/WACCBIP-GS399/2020	EPI_ISL_1255263	2020-11-27	Africa / Ghana	Human	Original	Sputum		Nanopore MinION				B.1.1	GR
hCoV-19/Ghana/WACCBIP-GS401/2021	EPI_ISL_1255264	2021-02-08	Africa / Ghana	Human	Original	Nasopharyngeal		Nanopore MinION		NS8_K68stop results in 44.6% truncation of the protein sequence. NS8_Q27stop results in 78.5% truncation of the protein sequence. Gap of 19 nucleotides when compared to the reference sequence.	info	B.1.1.7	GRY
hCoV-19/Ghana/WACCBIP-GS403/2021	EPI_ISL_1255265	2021-02-09	Africa / Ghana	Human	Original	Oropharyngeal		Nanopore MinION		NS8_K68stop results in 44.6% truncation of the protein sequence. NS8_Q27stop results in 78.5% truncation of the protein sequence. Gap of 19 nucleotides when compared to the reference sequence.	info	B.1.1.7	GRY
hCoV-19/Ghana/WACCBIP-GS404/2021	EPI_ISL_1255266	2021-02-09	Africa / Ghana	Human	Original	Oropharyngeal		Nanopore MinION		NS8_K68stop results in 44.6% truncation of the protein sequence. NS8_Q27stop results in 78.5% truncation of the protein sequence. Gap of 19 nucleotides when compared to the reference sequence.	info	B.1.1.7	GRY
hCoV-19/Ghana/WACCBIP-GS405/2021	EPI_ISL_1255267	2021-02-09	Africa / Ghana	Human	Original	Nasopharyngeal/oropharyngeal		Nanopore MinION		NS8_K68stop results in 44.6% truncation of the protein sequence. NS8_Q27stop results in 78.5% truncation of the protein sequence. Gap of 19 nucleotides when compared to the reference sequence.	info	B.1.1.7	GRY
hCoV-19/Ghana/WACCBIP-GS406/2021	EPI_ISL_1255268	2021-02-10	Africa / Ghana	Human	Original	Oropharyngeal		Nanopore MinION				B.1.1	GR
hCoV-19/Ghana/WACCBIP-GS407/2021	EPI_ISL_1255269	2021-02-10	Africa / Ghana	Human	Original	Oropharyngeal		Nanopore MinION		NS8_K68stop results in 44.6% truncation of the protein sequence. NS8_Q27stop results in 78.5% truncation of the protein sequence. Gap of 19 nucleotides when compared to the reference sequence.	info	B.1.1.7	GRY
hCoV-19/Ghana/WACCBIP-GS408/2021	EPI_ISL_1255270	2021-02-10	Africa / Ghana	Human	Original	Oropharyngeal		Nanopore MinION		Gap of 73 nucleotides when compared to the reference sequence.	warn	B.1.525	G
hCoV-19/Ghana/WACCBIP-GS409/2021	EPI_ISL_1255271	2021-02-10	Africa / Ghana	Human	Original	Oropharyngeal		Nanopore MinION		NS8_K68stop results in 44.6% truncation of the protein sequence. NS8_Q27stop results in 78.5% truncation of the protein sequence. Gap of 19 nucleotides when compared to the reference sequence.	info	B.1.1.7	GRY
hCoV-19/Ghana/WACCBIP-GS410/2021	EPI_ISL_1255272	2021-02-04	Africa / Ghana	Human	Original	Nasopharyngeal		Nanopore MinION		NS8_K68stop results in 44.6% truncation of the protein sequence. NS8_Q27stop results in 78.5% truncation of the protein sequence. Gap of 19 nucleotides when compared to the reference sequence.	info	B.1.1.7	GRY
hCoV-19/Ghana/WACCBIP-GS411/2021	EPI_ISL_1255273	2021-02-04	Africa / Ghana	Human	Original	Nasopharyngeal		Nanopore MinION		NS8_K68stop results in 44.6% truncation of the protein sequence. NS8_Q27stop results in 78.5% truncation of the protein sequence. Gap of 19 nucleotides when compared to the reference sequence.	info	B.1.1.7	GRY
hCoV-19/Ghana/WACCBIP-GS412/2021	EPI_ISL_1255274	2021-02-04	Africa / Ghana	Human	Original	Nasopharyngeal		Nanopore MinION		Stretches of NNNs (1.00% of overall sequence).	warn	B.1	GH
hCoV-19/Ghana/WACCBIP-GS414/2021	EPI_ISL_1255275	2021-02-04	Africa / Ghana	Human	Original	Oropharyngeal		Nanopore MinION		NS8_K68stop results in 44.6% truncation of the protein sequence. NS8_Q27stop results in 78.5% truncation of the protein sequence. Gap of 19 nucleotides when compared to the reference sequence.	info	B.1.1.7	GRY
hCoV-19/Ghana/WACCBIP-GS415/2021	EPI_ISL_1255276	2021-01-18	Africa / Ghana	Human	Original	Oropharyngeal		Nanopore MinION		NS8_K68stop results in 44.6% truncation of the protein sequence. NS8_Q27stop results in 78.5% truncation of the protein sequence. Gap of 19 nucleotides when compared to the reference sequence.	info	B.1.1.7	GRY
hCoV-19/Ghana/WACCBIP-GS422/2021	EPI_ISL_1255277	2021-02-10	Africa / Ghana	Human	Original	Nasopharyngeal/oropharyngeal		Nanopore MinION		NS8_K68stop results in 44.6% truncation of the protein sequence. NS8_Q27stop results in 78.5% truncation of the protein sequence. Gap of 19 nucleotides when compared to the reference sequence.	info	B.1.1.7	GRY
hCoV-19/Ghana/1651_S3/2020	EPI_ISL_422387	2020-03-25	Africa / Ghana / Greater Accra	Human	Original	Nasopharyngeal and oropharyngeal swab		Illumina MiSeq	Burrows-Wheeler Aligner Tool (BWA)	Stretches of NNNs (3.89% of overall sequence).	warn	A.11	S
hCoV-19/Ghana/2230_S4/2020	EPI_ISL_422390	2020-03-25	Africa / Ghana / Greater Accra	Human	Original	Nasopharyngeal and oropharyngeal swab		Illumina MiSeq	Burrows-Wheeler Aligner Tool (BWA)	Stretches of NNNs (1.20% of overall sequence).	warn	B.40	O
hCoV-19/Ghana/2333_S5/2020	EPI_ISL_422394	2020-03-27	Africa / Ghana / Greater Accra	Human	Original	Nasopharyngeal and oropharyngeal swab		Illumina MiSeq	Burrows-Wheeler Aligner Tool (BWA)	Stretches of NNNs (1.94% of overall sequence).	warn	B.1	GH
hCoV-19/Ghana/2828_S6/2020	EPI_ISL_422397	2020-03-29	Africa / Ghana / Greater Accra	Human	Original	Nasopharyngeal and oropharyngeal swab		Illumina MiSeq	Burrows-Wheeler Aligner Tool (BWA)	Stretches of NNNs (1.39% of overall sequence).	warn	A.11	S
hCoV-19/Ghana/2914_S8/2020	EPI_ISL_422399	2020-03-30	Africa / Ghana / Greater Accra	Human	Original	Nasopharyngeal and oropharyngeal swab		Illumina MiSeq	Burrows-Wheeler Aligner Tool (BWA)	Stretches of NNNs (3.12% of overall sequence).	warn	B.1.1	GR
hCoV-19/Ghana/1659_S14/2020	EPI_ISL_422405	2020-03-25	Africa / Ghana / Greater Accra	Human	Original	Nasopharyngeal and oropharyngeal swab		Illumina MiSeq	Burrows-Wheeler Aligner Tool (BWA)	Stretches of NNNs (4.07% of overall sequence).	warn	B.1.220	G
hCoV-19/Ghana/2573_S27/2020	EPI_ISL_515082	2020-03-29	Africa / Ghana	Human	Original	Nasopharyngeal swab		Illumina MiSeq	BWA v. 0.7.17			A	S
hCoV-19/Ghana/2666_S32/2020	EPI_ISL_515083	2020-03-27	Africa / Ghana	Human	Original	Nasopharyngeal swab		Illumina MiSeq	BWA v. 0.7.17	Stretches of NNNs (1.92% of overall sequence).	warn	A	O
hCoV-19/Ghana/2709_S25/2020	EPI_ISL_515084	2020-03-28	Africa / Ghana	Human	Original	Nasopharyngeal swab		Illumina MiSeq	BWA v. 0.7.17			B.1	G
hCoV-19/Ghana/2852_S30/2020	EPI_ISL_515085	2020-03-28	Africa / Ghana	Human	Original	Nasopharyngeal swab		Illumina MiSeq	BWA v. 0.7.17	Stretches of NNNs (1.75% of overall sequence).	warn	B.1.1	O
hCoV-19/Ghana/34927_S20/2020	EPI_ISL_515086	2020-05-23	Africa / Ghana	Human	Original	Nasopharyngeal swab		Illumina MiSeq	BWA v. 0.7.17	Stretches of NNNs (1.00% of overall sequence).	warn	A.11	S
hCoV-19/Ghana/34928_S21/2020	EPI_ISL_515087	2020-05-23	Africa / Ghana	Human	Original	Nasopharyngeal swab		Illumina MiSeq	BWA v. 0.7.17	Stretches of NNNs (1.32% of overall sequence).	warn	A.11	S
hCoV-19/Ghana/34980_S22/2020	EPI_ISL_515088	2020-05-23	Africa / Ghana	Human	Original	Nasopharyngeal swab		Illumina MiSeq	BWA v. 0.7.17	Stretches of NNNs (3.04% of overall sequence).	warn	B.1.1.485	GR
hCoV-19/Ghana/34983_S40/2020	EPI_ISL_515089	2020-05-23	Africa / Ghana	Human	Original	Nasopharyngeal swab		Illumina MiSeq	BWA v. 0.7.17	Stretches of NNNs (1.56% of overall sequence).	warn	B.1.1	GR
hCoV-19/Ghana/35012_S17/2020	EPI_ISL_515090	2020-05-23	Africa / Ghana	Human	Original	Nasopharyngeal swab		Illumina MiSeq	BWA v. 0.7.17			B.1.1.485	GR
hCoV-19/Ghana/35019_S18/2020	EPI_ISL_515091	2020-05-23	Africa / Ghana	Human	Original	Nasopharyngeal swab		Illumina MiSeq	BWA v. 0.7.17	Stretches of NNNs (2.27% of overall sequence).	warn	B.1.1	GR
hCoV-19/Ghana/35183_S24/2020	EPI_ISL_515092	2020-05-24	Africa / Ghana	Human	Original	Nasopharyngeal swab		Illumina MiSeq	BWA v. 0.7.17	Stretches of NNNs (3.34% of overall sequence).	warn	A	O
hCoV-19/Ghana/35280_S41/2020	EPI_ISL_515093	2020-05-24	Africa / Ghana	Human	Original	Nasopharyngeal swab		Illumina MiSeq	BWA v. 0.7.17	Stretches of NNNs (2.45% of overall sequence).	warn	A	S
hCoV-19/Ghana/35394_S49/2020	EPI_ISL_515094	2020-05-24	Africa / Ghana	Human	Original	Nasopharyngeal swab		Illumina MiSeq	BWA v. 0.7.17	Stretches of NNNs (2.50% of overall sequence).	warn	B.1.1	GR
hCoV-19/Ghana/35466_S19/2020	EPI_ISL_515095	2020-05-24	Africa / Ghana	Human	Original	Nasopharyngeal swab		Illumina MiSeq	BWA v. 0.7.17	Stretches of NNNs (1.53% of overall sequence).	warn	B.1.1.485	GR
hCoV-19/Ghana/35563_S37/2020	EPI_ISL_515096	2020-05-24	Africa / Ghana	Human	Original	Nasopharyngeal swab		Illumina MiSeq	BWA v. 0.7.17			A.11	S
hCoV-19/Ghana/36523_S23/2020	EPI_ISL_515097	2020-05-27	Africa / Ghana	Human	Original	Nasopharyngeal swab		Illumina MiSeq	BWA v. 0.7.17	Stretches of NNNs (1.75% of overall sequence).	warn	A	O
hCoV-19/Ghana/81216_S36/2020	EPI_ISL_515098	2020-05-20	Africa / Ghana	Human	Original	Nasopharyngeal swab		Illumina MiSeq	BWA v. 0.7.17			A	S
hCoV-19/Ghana/81219_S34/2020	EPI_ISL_515099	2020-05-20	Africa / Ghana	Human	Original	Nasopharyngeal swab		Illumina MiSeq	BWA v. 0.7.17	Stretches of NNNs (1.59% of overall sequence).	warn	B.1.1	GR
hCoV-19/Ghana/82879_S48/2020	EPI_ISL_515100	2020-05-20	Africa / Ghana	Human	Original	Nasopharyngeal swab		Illumina MiSeq	BWA v. 0.7.17			B.1	G
hCoV-19/Ghana/83637_S29/2020	EPI_ISL_515101	2020-05-22	Africa / Ghana	Human	Original	Nasopharyngeal swab		Illumina MiSeq	BWA v. 0.7.17			B.1.1	GR
hCoV-19/Ghana/84049_S31/2020	EPI_ISL_515102	2020-05-25	Africa / Ghana	Human	Original	Nasopharyngeal swab		Illumina MiSeq	BWA v. 0.7.17			B.1	GH
hCoV-19/Ghana/84162_S45/2020	EPI_ISL_515103	2020-04-25	Africa / Ghana	Human	Original	Nasopharyngeal swab		Illumina MiSeq	BWA v. 0.7.17	Stretches of NNNs (2.47% of overall sequence). NS7b without BLAST coverage.	warn	A	S
hCoV-19/Ghana/84182_S43/2020	EPI_ISL_515104	2020-05-25	Africa / Ghana	Human	Original	Nasopharyngeal swab		Illumina MiSeq	BWA v. 0.7.17	Stretches of NNNs (1.51% of overall sequence).	warn	B.1.1.404	GR
hCoV-19/Ghana/84210_S44/2020	EPI_ISL_515105	2020-05-24	Africa / Ghana	Human	Original	Nasopharyngeal swab		Illumina MiSeq	BWA v. 0.7.17	Stretches of NNNs (1.05% of overall sequence).	warn	A	S
hCoV-19/Ghana/84218_S47/2020	EPI_ISL_515106	2020-05-25	Africa / Ghana	Human	Original	Nasopharyngeal swab		Illumina MiSeq	BWA v. 0.7.17	Stretches of NNNs (2.54% of overall sequence).	warn	A	S
hCoV-19/Ghana/84260_S28/2020	EPI_ISL_515107	2020-05-25	Africa / Ghana	Human	Original	Nasopharyngeal swab		Illumina MiSeq	BWA v. 0.7.17	NS7b without BLAST coverage.	warn	A	S
hCoV-19/Ghana/84279_S42/2020	EPI_ISL_515108	2020-05-25	Africa / Ghana	Human	Original	Nasopharyngeal swab		Illumina MiSeq	BWA v. 0.7.17			B.1	GH
hCoV-19/Ghana/84301_S35/2020	EPI_ISL_515109	2020-05-24	Africa / Ghana	Human	Original	Nasopharyngeal swab		Illumina MiSeq	BWA v. 0.7.17	Stretches of NNNs (4.24% of overall sequence). NS7b has no coverage.	warn	A.11	S
hCoV-19/Ghana/84430_S51/2020	EPI_ISL_515110	2020-05-25	Africa / Ghana	Human	Original	Nasopharyngeal swab		Illumina MiSeq	BWA v. 0.7.17			B.1.1	GR
hCoV-19/Ghana/84438_S50/2020	EPI_ISL_515111	2020-05-24	Africa / Ghana	Human	Original	Nasopharyngeal swab		Illumina MiSeq	BWA v. 0.7.17			A	S
hCoV-19/Ghana/84484_S16/2020	EPI_ISL_515112	2020-05-25	Africa / Ghana	Human	Original	Nasopharyngeal swab		Illumina MiSeq	BWA v. 0.7.17	Stretches of NNNs (2.53% of overall sequence).	warn	B.1.1.485	GR
hCoV-19/Ghana/KATH23/2020	EPI_ISL_515181	2020-03-22	Africa / Ghana	Human	Original			Illumina Nextseq, Illumina Miseq				A.11	S
hCoV-19/Ghana/TTH10/2020	EPI_ISL_515182	2020-03-27	Africa / Ghana	Human	Original			Illumina Nextseq, Illumina Miseq				A	S
hCoV-19/Ghana/TTH11/2020	EPI_ISL_515183	2020-03-27	Africa / Ghana	Human	Original			Illumina Nextseq, Illumina Miseq				A	S
hCoV-19/Ghana/TTH6/2020	EPI_ISL_515248	2020-03-27	Africa / Ghana	Human	Original			Illumina Nextseq, Illumina Miseq		Stretches of NNNs (4.36% of overall sequence).	warn	A	S
hCoV-19/Ghana/UHAS-K674/2020	EPI_ISL_628760	2020-07-07	Africa / Ghana / Volta	Human	Original	Sputum		Nanopore		Stretches of NNNs (1.80% of overall sequence).	warn	B.1.1	GR
hCoV-19/Ghana/UHAS-H009/2020	EPI_ISL_628761	2020-06-16	Africa / Ghana / Volta	Human	Original	Sputum		Nanopore		Stretches of NNNs (2.67% of overall sequence).	warn	B.1.1	GR
hCoV-19/Ghana/UHAS-W247/2020	EPI_ISL_861459	2020-12-03	Africa / Ghana / Volta	Human	Original	Sputum		Nanopore		Stretches of NNNs (4.25% of overall sequence). Gap of 11 nucleotides when compared to the reference sequence.	warn	B.1	G
hCoV-19/Ghana/WACCBIP-GS01/2020	EPI_ISL_884826	2020-07-20	Africa / Ghana	Human	Original	Nasal swab		MinION	Artic v. 1.1.3			B.1.1.485	GR
hCoV-19/Ghana/WACCBIP-GS02/2020	EPI_ISL_884827	2020-07-20	Africa / Ghana	Human	Original	Nasal swab		MinION	Artic v. 1.1.3	Stretches of NNNs (1.74% of overall sequence).	warn	B.1.1.359	GR
hCoV-19/Ghana/WACCBIP-GS03/2020	EPI_ISL_884828	2020-07-20	Africa / Ghana	Human	Original	Nasal swab		MinION	Artic v. 1.1.3			B.1.1.359	GR
hCoV-19/Ghana/WACCBIP-GS04/2020	EPI_ISL_884829	2020-07-20	Africa / Ghana	Human	Original	Nasal swab		MinION	Artic v. 1.1.3			B.1.1	GR
hCoV-19/Ghana/WACCBIP-GS05/2020	EPI_ISL_884830	2020-07-20	Africa / Ghana	Human	Original	Nasal swab		MinION	Artic v. 1.1.3			B.1.1	GR
hCoV-19/Ghana/WACCBIP-GS06/2020	EPI_ISL_884831	2020-07-20	Africa / Ghana	Human	Original	Oral swab		MinION	Artic v. 1.1.3			B.1.1.485	GR
hCoV-19/Ghana/WACCBIP-GS07/2020	EPI_ISL_884832	2020-07-20	Africa / Ghana	Human	Original	Nasal swab		MinION	Artic v. 1.1.3			B.1.1.485	GR
hCoV-19/Ghana/WACCBIP-GS08/2020	EPI_ISL_884833	2020-07-20	Africa / Ghana	Human	Original	Nasal swab		MinION	Artic v. 1.1.3	Stretches of NNNs (1.74% of overall sequence).	warn	B.1.1	GR
hCoV-19/Ghana/WACCBIP-GS09/2020	EPI_ISL_884834	2020-07-20	Africa / Ghana	Human	Original	Nasal swab		MinION	Artic v. 1.1.3			B.1.1.485	GR
hCoV-19/Ghana/WACCBIP-GS10/2020	EPI_ISL_884835	2020-07-29	Africa / Ghana	Human	Original	Nasal swab		MinION	Artic v. 1.1.3	Stretches of NNNs (1.92% of overall sequence).	warn	B.1.1	GR
hCoV-19/Ghana/WACCBIP-GS11/2020	EPI_ISL_884836	2020-07-21	Africa / Ghana	Human	Original	Nasal swab		MinION	Artic v. 1.1.3	Stretches of NNNs (1.00% of overall sequence).	warn	B.1.1.359	GR
hCoV-19/Ghana/WACCBIP-GS12/2020	EPI_ISL_884837	2020-07-21	Africa / Ghana	Human	Original	Nasal swab		MinION	Artic v. 1.1.3			B.1.1.485	GR
hCoV-19/Ghana/WACCBIP-GS13/2020	EPI_ISL_884838	2020-07-22	Africa / Ghana	Human	Original	Nasal swab		MinION	Artic v. 1.1.3	Stretches of NNNs (2.83% of overall sequence).	warn	B.1.1	GR
hCoV-19/Ghana/WACCBIP-GS14/2020	EPI_ISL_884839	2020-08-24	Africa / Ghana	Human	Original	Nasal swab		MinION	Artic v. 1.1.3			B.1.1	GR
hCoV-19/Ghana/WACCBIP-GS15/2020	EPI_ISL_884840	2020-07-30	Africa / Ghana	Human	Original	Nasal swab		MinION	Artic v. 1.1.3			B.1.1.359	GR
hCoV-19/Ghana/WACCBIP-GS16/2020	EPI_ISL_884841	2020-08-31	Africa / Ghana	Human	Original	Nasal swab		MinION	Artic v. 1.1.3	Stretches of NNNs (3.54% of overall sequence).	warn	B.1.1	GR
hCoV-19/Ghana/WACCBIP-GS19/2020	EPI_ISL_884842	2020-07-30	Africa / Ghana	Human	Original	Nasal swab		MinION	Artic v. 1.1.3			B.1.1	GR
hCoV-19/Ghana/WACCBIP-GS20/2020	EPI_ISL_884843	2020-07-24	Africa / Ghana	Human	Original	Nasal swab		MinION	Artic v. 1.1.3	Stretches of NNNs (3.46% of overall sequence).	warn	B.1.1.28	GR
hCoV-19/Ghana/WACCBIP-GS21/2020	EPI_ISL_884844	2020-07-22	Africa / Ghana	Human	Original	Nasal swab		MinION	Artic v. 1.1.3			B.1.1	GR
hCoV-19/Ghana/WACCBIP-GS22/2020	EPI_ISL_884845	2020-07-22	Africa / Ghana	Human	Original	Nasal swab		MinION	Artic v. 1.1.3	Stretches of NNNs (4.25% of overall sequence).	warn	B.1.1	GR
hCoV-19/Ghana/WACCBIP-GS25/2020	EPI_ISL_884846	2020-07-21	Africa / Ghana	Human	Original	Nasal swab		MinION	Artic v. 1.1.3			B.1.1.485	GR
hCoV-19/Ghana/WACCBIP-GS26/2020	EPI_ISL_884847	2020-07-21	Africa / Ghana	Human	Original	Nasal swab		MinION	Artic v. 1.1.3	Gap of 27 nucleotides when compared to the reference sequence. %UniqueMutations 0.09%.	warn	B.1.1	GR
hCoV-19/Ghana/WACCBIP-GS27/2020	EPI_ISL_884848	2020-07-21	Africa / Ghana	Human	Original	Nasal swab		MinION	Artic v. 1.1.3			B.1.1.174	GR
hCoV-19/Ghana/WACCBIP-GS28/2020	EPI_ISL_884849	2020-07-21	Africa / Ghana	Human	Original	Nasal swab		MinION	Artic v. 1.1.3			A	S
hCoV-19/Ghana/WACCBIP-GS29/2020	EPI_ISL_884850	2020-07-21	Africa / Ghana	Human	Original	Nasal swab		MinION	Artic v. 1.1.3			B.1.1	GR
hCoV-19/Ghana/WACCBIP-GS30/2020	EPI_ISL_884851	2020-07-21	Africa / Ghana	Human	Original	Nasal swab		MinION	Artic v. 1.1.3			B.1.482	GH
hCoV-19/Ghana/WACCBIP-GS32/2020	EPI_ISL_884852	2020-07-31	Africa / Ghana	Human	Original	Nasal swab		MinION	Artic v. 1.1.3			B.1.1	GR
hCoV-19/Ghana/WACCBIP-GS33/2020	EPI_ISL_884853	2020-07-31	Africa / Ghana	Human	Original	Nasal swab		MinION	Artic v. 1.1.3			B.1.1.485	GR
hCoV-19/Ghana/WACCBIP-GS34/2020	EPI_ISL_884854	2020-08-03	Africa / Ghana	Human	Original	Nasal swab		MinION	Artic v. 1.1.3			B.1.1.359	GR
hCoV-19/Ghana/WACCBIP-GS43/2020	EPI_ISL_884855	2020-07-24	Africa / Ghana	Human	Original	Nasal swab		MinION	Artic v. 1.1.3	Stretches of NNNs (2.73% of overall sequence).	warn	B.1.1.485	GR
hCoV-19/Ghana/WACCBIP-GS44/2020	EPI_ISL_884856	2020-08-20	Africa / Ghana	Human	Original	Nasal swab		MinION	Artic v. 1.1.3	Stretches of NNNs (3.51% of overall sequence).	warn	B.1.1	GR
hCoV-19/Ghana/WACCBIP-GS49/2021	EPI_ISL_944646	2021-01-06	Africa / Ghana	Human	Original	Nasopharyngeal / oropharyngeal		MinION	Artic v. 1.1.3	Insertion of 1 nucleotides when compared to the reference sequence.	info	B.1.177	GV
hCoV-19/Ghana/WACCBIP-GS50/2021	EPI_ISL_944647	2021-01-06	Africa / Ghana	Human	Original	Nasopharyngeal / oropharyngeal		MinION	Artic v. 1.1.3	Insertion of 1 nucleotides when compared to the reference sequence.	info	B.1.177	GV
hCoV-19/Ghana/WACCBIP-GS70/2021	EPI_ISL_944648	2021-01-06	Africa / Ghana	Human	Original	Nasopharyngeal / oropharyngeal		MinION	Artic v. 1.1.3	Stretches of NNNs (2.75% of overall sequence). Insertion of 1 nucleotides when compared to the reference sequence.	warn	B.1.177.7	GV
hCoV-19/Ghana/WACCBIP-GS88/2021	EPI_ISL_944649	2021-01-06	Africa / Ghana	Human	Original	Nasopharyngeal / oropharyngeal		MinION	Artic v. 1.1.3	Insertion of 1 nucleotides when compared to the reference sequence.	info	B.1.177.81	GV
hCoV-19/Ghana/WACCBIP-GS71/2021	EPI_ISL_944650	2021-01-06	Africa / Ghana	Human	Original	Nasopharyngeal / oropharyngeal		MinION	Artic v. 1.1.3	Insertion of 1 nucleotides when compared to the reference sequence.	info	B.1	GH
hCoV-19/Ghana/WACCBIP-GS119/2021	EPI_ISL_944651	2021-01-07	Africa / Ghana	Human	Original	Nasopharyngeal / oropharyngeal		MinION	Artic v. 1.1.3	Insertion of 1 nucleotides when compared to the reference sequence.	info	B.1	G
hCoV-19/Ghana/WACCBIP-GS122/2021	EPI_ISL_944652	2021-01-02	Africa / Ghana	Human	Original	Nasopharyngeal / oropharyngeal		MinION	Artic v. 1.1.3	Insertion of 1 nucleotides when compared to the reference sequence.	info	B.1.36	GH
hCoV-19/Ghana/WACCBIP-GS100/2021	EPI_ISL_944653	2021-01-06	Africa / Ghana	Human	Original	Nasopharyngeal / oropharyngeal		MinION	Artic v. 1.1.3	Insertion of 1 nucleotides when compared to the reference sequence.	info	B.1.1	GR
hCoV-19/Ghana/WACCBIP-GS107/2021	EPI_ISL_944654	2021-01-06	Africa / Ghana	Human	Original	Nasopharyngeal / oropharyngeal		MinION	Artic v. 1.1.3	Insertion of 1 nucleotides when compared to the reference sequence. %UniqueMutations 0.08%.	warn	B.1.1	GR
hCoV-19/Ghana/WACCBIP-GS112/2021	EPI_ISL_944655	2021-01-06	Africa / Ghana	Human	Original	Nasopharyngeal / oropharyngeal		MinION	Artic v. 1.1.3	Insertion of 1 nucleotides when compared to the reference sequence. %UniqueMutations 0.07%.	warn	B.1.1	GR
hCoV-19/Ghana/WACCBIP-GS145/2021	EPI_ISL_944656	2021-01-10	Africa / Ghana	Human	Original	Nasopharyngeal / oropharyngeal		MinION	Artic v. 1.1.3	Insertion of 1 nucleotides when compared to the reference sequence. %UniqueMutations 0.06%.	warn	B.1	GH
hCoV-19/Ghana/WACCBIP-GS146/2021	EPI_ISL_944657	2021-01-10	Africa / Ghana	Human	Original	Nasopharyngeal / oropharyngeal		MinION	Artic v. 1.1.3	Insertion of 1 nucleotides when compared to the reference sequence. %UniqueMutations 0.06%.	warn	B.1	GH
hCoV-19/Ghana/WACCBIP-GS78/2021	EPI_ISL_944658	2021-01-06	Africa / Ghana	Human	Original	Nasopharyngeal / oropharyngeal		MinION	Artic v. 1.1.3	Stretches of NNNs (4.65% of overall sequence). Insertion of 1 nucleotides when compared to the reference sequence. %UniqueMutations 0.06%.	warn	R.1	GR
hCoV-19/Ghana/WACCBIP-GS118/2021	EPI_ISL_944659	2021-01-07	Africa / Ghana	Human	Original	Nasopharyngeal / oropharyngeal		MinION	Artic v. 1.1.3	Insertion of 1 nucleotides when compared to the reference sequence.	info	R.1	GR
hCoV-19/Ghana/WACCBIP-GS149/2021	EPI_ISL_944660	2021-01-11	Africa / Ghana	Human	Original	Nasopharyngeal / oropharyngeal		MinION	Artic v. 1.1.3	Insertion of 1 nucleotides when compared to the reference sequence.	info	R.1	GR
hCoV-19/Ghana/WACCBIP-GS68/2021	EPI_ISL_944661	2021-01-06	Africa / Ghana	Human	Original	Nasopharyngeal / oropharyngeal		MinION	Artic v. 1.1.3	Insertion of 1 nucleotides when compared to the reference sequence.	info	B.1.243	G
hCoV-19/Ghana/WACCBIP-GS115/2021	EPI_ISL_944662	2021-01-07	Africa / Ghana	Human	Original	Nasopharyngeal / oropharyngeal		MinION	Artic v. 1.1.3	Insertion of 1 nucleotides when compared to the reference sequence.	info	A.21	S
hCoV-19/Ghana/WACCBIP-GS109/2021	EPI_ISL_944663	2021-01-06	Africa / Ghana	Human	Original	Nasopharyngeal / oropharyngeal		MinION	Artic v. 1.1.3	Insertion of 1 nucleotides when compared to the reference sequence.	info	A.23.1	S
hCoV-19/Ghana/WACCBIP-GS73/2021	EPI_ISL_944664	2021-01-06	Africa / Ghana	Human	Original	Nasopharyngeal / oropharyngeal		MinION	Artic v. 1.1.3	Insertion of 1 nucleotides when compared to the reference sequence.	info	B.1.351	GH
hCoV-19/Ghana/WACCBIP-GS92/2021	EPI_ISL_944665	2021-01-06	Africa / Ghana	Human	Original	Nasopharyngeal / oropharyngeal		MinION	Artic v. 1.1.3	Stretches of NNNs (2.48% of overall sequence). Insertion of 1 nucleotides when compared to the reference sequence.	warn	L.3	GR
hCoV-19/Ghana/WACCBIP-GS63/2021	EPI_ISL_944666	2021-01-06	Africa / Ghana	Human	Original	Nasopharyngeal / oropharyngeal		MinION	Artic v. 1.1.3	NS8_K68stop results in 44.6% truncation of the protein sequence. NS8_Q27stop results in 78.5% truncation of the protein sequence. Insertion of 1 nucleotides when compared to the reference sequence.	info	B.1.1.7	GR
hCoV-19/Ghana/WACCBIP-GS60/2021	EPI_ISL_944667	2021-01-06	Africa / Ghana	Human	Original	Nasopharyngeal / oropharyngeal		MinION	Artic v. 1.1.3	NS8_K68stop results in 44.6% truncation of the protein sequence. NS8_Q27stop results in 78.5% truncation of the protein sequence. Insertion of 1 nucleotides when compared to the reference sequence.	info	B.1.1.7	GR
hCoV-19/Ghana/WACCBIP-GS64/2021	EPI_ISL_944668	2021-01-06	Africa / Ghana	Human	Original	Nasopharyngeal / oropharyngeal		MinION	Artic v. 1.1.3	NS8_K68stop results in 44.6% truncation of the protein sequence. NS8_Q27stop results in 78.5% truncation of the protein sequence. Insertion of 1 nucleotides when compared to the reference sequence.	info	B.1.1.7	GR
hCoV-19/Ghana/WACCBIP-GS127/2021	EPI_ISL_944669	2021-01-10	Africa / Ghana	Human	Original	Nasopharyngeal / oropharyngeal		MinION	Artic v. 1.1.3	NS8_K68stop results in 44.6% truncation of the protein sequence. NS8_Q27stop results in 78.5% truncation of the protein sequence. Insertion of 1 nucleotides when compared to the reference sequence.	info	B.1.1.7	GR
hCoV-19/Ghana/WACCBIP-GS110/2021	EPI_ISL_944670	2021-01-06	Africa / Ghana	Human	Original	Nasopharyngeal / oropharyngeal		MinION	Artic v. 1.1.3	NS8_K68stop results in 44.6% truncation of the protein sequence. NS8_Q27stop results in 78.5% truncation of the protein sequence. Insertion of 1 nucleotides when compared to the reference sequence.	info	B.1.1.7	GR
hCoV-19/Ghana/WACCBIP-GS104/2021	EPI_ISL_944671	2021-01-06	Africa / Ghana	Human	Original	Nasopharyngeal / oropharyngeal		MinION	Artic v. 1.1.3	NS8_K68stop results in 44.6% truncation of the protein sequence. NS8_Q27stop results in 78.5% truncation of the protein sequence. Insertion of 1 nucleotides when compared to the reference sequence.	info	B.1.1.7	GR
hCoV-19/Ghana/WACCBIP-GS164/2021	EPI_ISL_944672	2021-01-12	Africa / Ghana	Human	Original	Nasopharyngeal / oropharyngeal		MinION	Artic v. 1.1.3	NS8_K68stop results in 44.6% truncation of the protein sequence. NS8_Q27stop results in 78.5% truncation of the protein sequence. Insertion of 1 nucleotides when compared to the reference sequence.	info	B.1.1.7	GR
hCoV-19/Ghana/WACCBIP-GS161/2021	EPI_ISL_944673	2021-01-02	Africa / Ghana	Human	Original	Nasopharyngeal / oropharyngeal		MinION	Artic v. 1.1.3	NS8_K68stop results in 44.6% truncation of the protein sequence. NS8_Q27stop results in 78.5% truncation of the protein sequence. Insertion of 1 nucleotides when compared to the reference sequence.	info	B.1.1.7	GR
hCoV-19/Ghana/WACCBIP-GS153/2021	EPI_ISL_944674	2021-01-13	Africa / Ghana	Human	Original	Nasopharyngeal / oropharyngeal		MinION	Artic v. 1.1.3	NS8_K68stop results in 44.6% truncation of the protein sequence. NS8_Q27stop results in 78.5% truncation of the protein sequence. Insertion of 1 nucleotides when compared to the reference sequence.	info	B.1.1.7	GR
hCoV-19/Ghana/WACCBIP-GS114/2021	EPI_ISL_944675	2021-01-07	Africa / Ghana	Human	Original	Nasopharyngeal / oropharyngeal		MinION	Artic v. 1.1.3	NS8_K68stop results in 44.6% truncation of the protein sequence. NS8_Q27stop results in 78.5% truncation of the protein sequence. Insertion of 1 nucleotides when compared to the reference sequence.	info	B.1.1.7	GR
hCoV-19/Ghana/WACCBIP-GS150/2021	EPI_ISL_944676	2021-01-13	Africa / Ghana	Human	Original	Nasopharyngeal / oropharyngeal		MinION	Artic v. 1.1.3	NS8_K68stop results in 44.6% truncation of the protein sequence. NS8_Q27stop results in 78.5% truncation of the protein sequence. Insertion of 1 nucleotides when compared to the reference sequence.	info	B.1.1.7	GR
hCoV-19/Ghana/WACCBIP-GS159/2021	EPI_ISL_944677	2021-01-05	Africa / Ghana	Human	Original	Nasopharyngeal / oropharyngeal		MinION	Artic v. 1.1.3	NS8_K68stop results in 44.6% truncation of the protein sequence. NS8_Q27stop results in 78.5% truncation of the protein sequence. Insertion of 1 nucleotides when compared to the reference sequence.	info	B.1.1.7	GR
hCoV-19/Ghana/WACCBIP-GS116/2021	EPI_ISL_944678	2021-01-07	Africa / Ghana	Human	Original	Nasopharyngeal / oropharyngeal		MinION	Artic v. 1.1.3	Stretches of NNNs (1.81% of overall sequence). NS8_K68stop results in 44.6% truncation of the protein sequence. NS8_Q27stop results in 78.5% truncation of the protein sequence. Insertion of 1 nucleotides when compared to the reference sequence.	warn	B.1.1.7	GR
hCoV-19/Ghana/WACCBIP-GS142/2021	EPI_ISL_944679	2021-01-08	Africa / Ghana	Human	Original	Nasopharyngeal / oropharyngeal		MinION	Artic v. 1.1.3	NS8_K68stop results in 44.6% truncation of the protein sequence. NS8_Q27stop results in 78.5% truncation of the protein sequence. Insertion of 1 nucleotides when compared to the reference sequence.	info	B.1.1.7	GR
hCoV-19/Ghana/WACCBIP-GS136/2021	EPI_ISL_944680	2021-01-08	Africa / Ghana	Human	Original	Nasopharyngeal / oropharyngeal		MinION	Artic v. 1.1.3	NS8_K68stop results in 44.6% truncation of the protein sequence. NS8_Q27stop results in 78.5% truncation of the protein sequence. Insertion of 1 nucleotides when compared to the reference sequence.	info	B.1.1.7	GR
hCoV-19/Ghana/WACCBIP-GS137/2021	EPI_ISL_944681	2021-01-08	Africa / Ghana	Human	Original	Nasopharyngeal / oropharyngeal		MinION	Artic v. 1.1.3	NS8_K68stop results in 44.6% truncation of the protein sequence. NS8_Q27stop results in 78.5% truncation of the protein sequence. Insertion of 1 nucleotides when compared to the reference sequence.	info	B.1.1.7	GR
hCoV-19/Ghana/WACCBIP-GS165/2021	EPI_ISL_944682	2021-01-13	Africa / Ghana	Human	Original	Nasopharyngeal / oropharyngeal		MinION	Artic v. 1.1.3	NS8_K68stop results in 44.6% truncation of the protein sequence. NS8_Q27stop results in 78.5% truncation of the protein sequence. Insertion of 1 nucleotides when compared to the reference sequence.	info	B.1.1.7	GR
hCoV-19/Ghana/WACCBIP-GS130/2021	EPI_ISL_944683	2021-01-01	Africa / Ghana	Human	Original	Nasopharyngeal / oropharyngeal		MinION	Artic v. 1.1.3	NS8_K68stop results in 44.6% truncation of the protein sequence. NS8_Q27stop results in 78.5% truncation of the protein sequence. Insertion of 1 nucleotides when compared to the reference sequence.	info	B.1.1.7	GR
hCoV-19/Ghana/WACCBIP-GS105/2021	EPI_ISL_944684	2021-01-06	Africa / Ghana	Human	Original	Nasopharyngeal / oropharyngeal		MinION	Artic v. 1.1.3	NS8_K68stop results in 44.6% truncation of the protein sequence. NS8_Q27stop results in 78.5% truncation of the protein sequence. Insertion of 1 nucleotides when compared to the reference sequence.	info	B.1.1.7	GR
hCoV-19/Ghana/WACCBIP-GS152/2021	EPI_ISL_944685	2021-01-13	Africa / Ghana	Human	Original	Nasopharyngeal / oropharyngeal		MinION	Artic v. 1.1.3	NS8_K68stop results in 44.6% truncation of the protein sequence. NS8_Q27stop results in 78.5% truncation of the protein sequence. Insertion of 1 nucleotides when compared to the reference sequence.	info	B.1.1.7	GR
hCoV-19/Ghana/WACCBIP-GS154/2021	EPI_ISL_944686	2021-01-13	Africa / Ghana	Human	Original	Nasopharyngeal / oropharyngeal		MinION	Artic v. 1.1.3	NS8_K68stop results in 44.6% truncation of the protein sequence. NS8_Q27stop results in 78.5% truncation of the protein sequence. Insertion of 1 nucleotides when compared to the reference sequence.	info	B.1.1.7	GR
hCoV-19/Ghana/WACCBIP-GS147/2021	EPI_ISL_944687	2021-01-10	Africa / Ghana	Human	Original	Nasopharyngeal / oropharyngeal		MinION	Artic v. 1.1.3	NS8_K68stop results in 44.6% truncation of the protein sequence. NS8_Q27stop results in 78.5% truncation of the protein sequence. Insertion of 1 nucleotides when compared to the reference sequence.	info	B.1.1.7	GR
hCoV-19/Ghana/WACCBIP-GS143/2021	EPI_ISL_944688	2021-01-09	Africa / Ghana	Human	Original	Nasopharyngeal / oropharyngeal		MinION	Artic v. 1.1.3	NS8_K68stop results in 44.6% truncation of the protein sequence. NS8_Q27stop results in 78.5% truncation of the protein sequence. Insertion of 1 nucleotides when compared to the reference sequence.	info	B.1.1.7	GR
hCoV-19/Ghana/WACCBIP-GS132/2021	EPI_ISL_944689	2021-01-06	Africa / Ghana	Human	Original	Nasopharyngeal / oropharyngeal		MinION	Artic v. 1.1.3	NS8_K68stop results in 44.6% truncation of the protein sequence. NS8_Q27stop results in 78.5% truncation of the protein sequence. Insertion of 1 nucleotides when compared to the reference sequence.	info	B.1.1.7	GR
hCoV-19/Ghana/WACCBIP-GS151/2021	EPI_ISL_944690	2021-01-13	Africa / Ghana	Human	Original	Nasopharyngeal / oropharyngeal		MinION	Artic v. 1.1.3	NS8_K68stop results in 44.6% truncation of the protein sequence. NS8_Q27stop results in 78.5% truncation of the protein sequence. Insertion of 1 nucleotides when compared to the reference sequence.	info	B.1.1.7	GR
hCoV-19/Ghana/WACCBIP-GS124/2021	EPI_ISL_944691	2021-01-04	Africa / Ghana	Human	Original	Nasopharyngeal / oropharyngeal		MinION	Artic v. 1.1.3	NS8_K68stop results in 44.6% truncation of the protein sequence. NS8_Q27stop results in 78.5% truncation of the protein sequence. Insertion of 1 nucleotides when compared to the reference sequence.	info	B.1.1.7	GR
hCoV-19/Ghana/WACCBIP-GS162/2021	EPI_ISL_944692	2021-01-06	Africa / Ghana	Human	Original	Nasopharyngeal / oropharyngeal		MinION	Artic v. 1.1.3	NS8_K68stop results in 44.6% truncation of the protein sequence. NS8_Q27stop results in 78.5% truncation of the protein sequence. Insertion of 1 nucleotides when compared to the reference sequence.	info	B.1.1.7	GR
hCoV-19/Ghana/WACCBIP-GS141/2021	EPI_ISL_944693	2021-01-08	Africa / Ghana	Human	Original	Nasopharyngeal / oropharyngeal		MinION	Artic v. 1.1.3	NS8_K68stop results in 44.6% truncation of the protein sequence. NS8_Q27stop results in 78.5% truncation of the protein sequence. Insertion of 1 nucleotides when compared to the reference sequence.	info	B.1.1.7	GR
hCoV-19/Ghana/WACCBIP-GS134/2021	EPI_ISL_944694	2021-01-06	Africa / Ghana	Human	Original	Nasopharyngeal / oropharyngeal		MinION	Artic v. 1.1.3	NS8_K68stop results in 44.6% truncation of the protein sequence. NS8_Q27stop results in 78.5% truncation of the protein sequence. Insertion of 1 nucleotides when compared to the reference sequence.	info	B.1.1.7	GR
hCoV-19/Ghana/WACCBIP-GS108/2021	EPI_ISL_944695	2021-01-06	Africa / Ghana	Human	Original	Nasopharyngeal / oropharyngeal		MinION	Artic v. 1.1.3	NS8_K68stop results in 44.6% truncation of the protein sequence. NS8_Q27stop results in 78.5% truncation of the protein sequence. Insertion of 1 nucleotides when compared to the reference sequence.	info	B.1.1.7	GR
hCoV-19/Ghana/WACCBIP-GS160/2021	EPI_ISL_944696	2021-01-05	Africa / Ghana	Human	Original	Nasopharyngeal / oropharyngeal		MinION	Artic v. 1.1.3	NS8_K68stop results in 44.6% truncation of the protein sequence. NS8_Q27stop results in 78.5% truncation of the protein sequence. Insertion of 1 nucleotides when compared to the reference sequence.	info	B.1.1.7	GR
hCoV-19/Ghana/WACCBIP-GS128/2021	EPI_ISL_944697	2021-01-13	Africa / Ghana	Human	Original	Nasopharyngeal / oropharyngeal		MinION	Artic v. 1.1.3	NS8_K68stop results in 44.6% truncation of the protein sequence. NS8_Q27stop results in 78.5% truncation of the protein sequence. Insertion of 1 nucleotides when compared to the reference sequence.	info	B.1.1.7	GR
hCoV-19/Ghana/WACCBIP-GS129/2021	EPI_ISL_944698	2021-01-13	Africa / Ghana	Human	Original	Nasopharyngeal / oropharyngeal		MinION	Artic v. 1.1.3	NS8_K68stop results in 44.6% truncation of the protein sequence. NS8_Q27stop results in 78.5% truncation of the protein sequence. Insertion of 1 nucleotides when compared to the reference sequence.	info	B.1.1.7	GR
hCoV-19/Ghana/WACCBIP-GS144/2021	EPI_ISL_944699	2021-01-09	Africa / Ghana	Human	Original	Nasopharyngeal / oropharyngeal		MinION	Artic v. 1.1.3	NS8_K68stop results in 44.6% truncation of the protein sequence. NS8_Q27stop results in 78.5% truncation of the protein sequence. Insertion of 1 nucleotides when compared to the reference sequence.	info	B.1.1.7	GR
hCoV-19/Ghana/WACCBIP-GS133/2021	EPI_ISL_944700	2021-01-06	Africa / Ghana	Human	Original	Nasopharyngeal / oropharyngeal		MinION	Artic v. 1.1.3	NS8_K68stop results in 44.6% truncation of the protein sequence. NS8_Q27stop results in 78.5% truncation of the protein sequence. Insertion of 1 nucleotides when compared to the reference sequence.	info	B.1.1.7	GR
hCoV-19/Ghana/WACCBIP-GS113/2021	EPI_ISL_944701	2021-01-06	Africa / Ghana	Human	Original	Nasopharyngeal / oropharyngeal		MinION	Artic v. 1.1.3	NS8_K68stop results in 44.6% truncation of the protein sequence. NS8_Q27stop results in 78.5% truncation of the protein sequence. Insertion of 1 nucleotides when compared to the reference sequence.	info	B.1.1.7	GR
hCoV-19/Ghana/WACCBIP-GS111/2021	EPI_ISL_944702	2021-01-06	Africa / Ghana	Human	Original	Nasopharyngeal / oropharyngeal		MinION	Artic v. 1.1.3	NS8_K68stop results in 44.6% truncation of the protein sequence. NS8_Q27stop results in 78.5% truncation of the protein sequence. Insertion of 1 nucleotides when compared to the reference sequence.	info	B.1.1.7	GR
hCoV-19/Ghana/WACCBIP-GS65/2021	EPI_ISL_944703	2021-01-06	Africa / Ghana	Human	Original	Nasopharyngeal / oropharyngeal		MinION	Artic v. 1.1.3	Stretches of NNNs (1.79% of overall sequence). NS8_K68stop results in 44.6% truncation of the protein sequence. NS8_Q27stop results in 78.5% truncation of the protein sequence. Insertion of 1 nucleotides when compared to the reference sequence.	warn	B.1.1.7	GR
hCoV-19/Ghana/WACCBIP-GS90/2021	EPI_ISL_944704	2021-01-06	Africa / Ghana	Human	Original	Nasopharyngeal / oropharyngeal		MinION	Artic v. 1.1.3	Stretches of NNNs (1.79% of overall sequence). NS8_K68stop results in 44.6% truncation of the protein sequence. NS8_Q27stop results in 78.5% truncation of the protein sequence. Insertion of 1 nucleotides when compared to the reference sequence.	warn	B.1.1.7	GR
hCoV-19/Ghana/WACCBIP-GS80/2021	EPI_ISL_944705	2021-01-06	Africa / Ghana	Human	Original	Nasopharyngeal / oropharyngeal		MinION	Artic v. 1.1.3	Stretches of NNNs (2.79% of overall sequence). NS8_K68stop results in 44.6% truncation of the protein sequence. NS8_Q27stop results in 78.5% truncation of the protein sequence. Insertion of 1 nucleotides when compared to the reference sequence.	warn	B.1.1.7	GR
hCoV-19/Ghana/WACCBIP-GS155/2021	EPI_ISL_944706	2021-01-13	Africa / Ghana	Human	Original	Nasopharyngeal / oropharyngeal		MinION	Artic v. 1.1.3	NS8_K68stop results in 44.6% truncation of the protein sequence. NS8_Q27stop results in 78.5% truncation of the protein sequence. Insertion of 1 nucleotides when compared to the reference sequence.	info	B.1.1.7	GR
hCoV-19/Ghana/WACCBIP-GS135/2021	EPI_ISL_944707	2021-01-08	Africa / Ghana	Human	Original	Nasopharyngeal / oropharyngeal		MinION	Artic v. 1.1.3	NS8_K68stop results in 44.6% truncation of the protein sequence. NS8_Q27stop results in 78.5% truncation of the protein sequence. Insertion of 1 nucleotides when compared to the reference sequence.	info	B.1.1.7	GR
hCoV-19/Ghana/WACCBIP-GS166/2021	EPI_ISL_944708	2021-01-13	Africa / Ghana	Human	Original	Nasopharyngeal / oropharyngeal		MinION	Artic v. 1.1.3	NS8_K68stop results in 44.6% truncation of the protein sequence. NS8_Q27stop results in 78.5% truncation of the protein sequence. Insertion of 1 nucleotides when compared to the reference sequence.	info	B.1.1.7	GR
hCoV-19/Ghana/WACCBIP-GS163/2021	EPI_ISL_944709	2021-01-06	Africa / Ghana	Human	Original	Nasopharyngeal / oropharyngeal		MinION	Artic v. 1.1.3	NS8_K68stop results in 44.6% truncation of the protein sequence. NS8_Q27stop results in 78.5% truncation of the protein sequence. Insertion of 1 nucleotides when compared to the reference sequence.	info	B.1.1.7	GR
hCoV-19/Ghana/WACCBIP-GS158/2021	EPI_ISL_944710	2021-01-05	Africa / Ghana	Human	Original	Nasopharyngeal / oropharyngeal		MinION	Artic v. 1.1.3	Stretches of NNNs (1.06% of overall sequence). NS8_K68stop results in 44.6% truncation of the protein sequence. NS8_Q27stop results in 78.5% truncation of the protein sequence. Insertion of 1 nucleotides when compared to the reference sequence.	warn	B.1.1.7	GR
hCoV-19/Ghana/WACCBIP-GS138/2021	EPI_ISL_944711	2021-01-08	Africa / Ghana	Human	Original	Nasopharyngeal / oropharyngeal		MinION	Artic v. 1.1.3	NS8_K68stop results in 44.6% truncation of the protein sequence. NS8_Q27stop results in 78.5% truncation of the protein sequence. Insertion of 1 nucleotides when compared to the reference sequence.	info	B.1.1.7	GR
hCoV-19/Ghana/WACCBIP-GS125/2021	EPI_ISL_944712	2021-01-05	Africa / Ghana	Human	Original	Nasopharyngeal / oropharyngeal		MinION	Artic v. 1.1.3	NS8_K68stop results in 44.6% truncation of the protein sequence. NS8_Q27stop results in 78.5% truncation of the protein sequence. Insertion of 1 nucleotides when compared to the reference sequence.	info	B.1.1.7	GR
hCoV-19/Ghana/WACCBIP-GS157/2021	EPI_ISL_944713	2021-01-04	Africa / Ghana	Human	Original	Nasopharyngeal / oropharyngeal		MinION	Artic v. 1.1.3	NS8_K68stop results in 44.6% truncation of the protein sequence. NS8_Q27stop results in 78.5% truncation of the protein sequence. Insertion of 1 nucleotides when compared to the reference sequence.	info	B.1.1.7	GR
hCoV-19/Ghana/WACCBIP-GS168/2021	EPI_ISL_944714	2021-01-13	Africa / Ghana	Human	Original	Nasopharyngeal / oropharyngeal		MinION	Artic v. 1.1.3	NS8_K68stop results in 44.6% truncation of the protein sequence. NS8_Q27stop results in 78.5% truncation of the protein sequence. Insertion of 1 nucleotides when compared to the reference sequence.	info	B.1.1.7	GR
hCoV-19/Ghana/WACCBIP-GS61/2021	EPI_ISL_944715	2021-01-06	Africa / Ghana	Human	Original	Nasopharyngeal / oropharyngeal		MinION	Artic v. 1.1.3	NS8_Q27stop results in 78.5% truncation of the protein sequence. Insertion of 1 nucleotides when compared to the reference sequence.	info	B.1.1.7	GR
hCoV-19/Ghana/WACCBIP-GS98/2021	EPI_ISL_944716	2021-01-06	Africa / Ghana	Human	Original	Nasopharyngeal / oropharyngeal		MinION	Artic v. 1.1.3	NS8_K68stop results in 44.6% truncation of the protein sequence. NS8_Q27stop results in 78.5% truncation of the protein sequence. Insertion of 1 nucleotides when compared to the reference sequence.	info	B.1.1.7	GR
hCoV-19/Ghana/WACCBIP-GS77/2021	EPI_ISL_944718	2021-01-06	Africa / Ghana	Human	Original	Nasopharyngeal / oropharyngeal		MinION	Artic v. 1.1.3	Stretches of NNNs (1.90% of overall sequence). NS8_K68stop results in 44.6% truncation of the protein sequence. NS8_Q27stop results in 78.5% truncation of the protein sequence. Insertion of 1 nucleotides when compared to the reference sequence.	warn	B.1.1.7	GR
hCoV-19/Ghana/WACCBIP-GS121/2021	EPI_ISL_944719	2021-01-02	Africa / Ghana	Human	Original	Nasopharyngeal / oropharyngeal		MinION	Artic v. 1.1.3	NS8_K68stop results in 44.6% truncation of the protein sequence. NS8_Q27stop results in 78.5% truncation of the protein sequence. Insertion of 1 nucleotides when compared to the reference sequence.	info	B.1.1.7	GR
hCoV-19/Ghana/WACCBIP-GS66/2021	EPI_ISL_944720	2021-01-06	Africa / Ghana	Human	Original	Nasopharyngeal / oropharyngeal		MinION	Artic v. 1.1.3	Stretches of NNNs (1.82% of overall sequence). NS8_Q27stop results in 78.5% truncation of the protein sequence. Insertion of 1 nucleotides when compared to the reference sequence.	warn	B.1.1.7	GR
hCoV-19/Ghana/WACCBIP-GS75/2021	EPI_ISL_944721	2021-01-06	Africa / Ghana	Human	Original	Nasopharyngeal / oropharyngeal		MinION	Artic v. 1.1.3	NS8_Q27stop results in 78.5% truncation of the protein sequence. Insertion of 1 nucleotides when compared to the reference sequence.	info	B.1.1.7	GR
hCoV-19/Ghana/WACCBIP-GS148/2021	EPI_ISL_944722	2021-01-11	Africa / Ghana	Human	Original	Nasopharyngeal / oropharyngeal		MinION	Artic v. 1.1.3	NS8_Q27stop results in 78.5% truncation of the protein sequence. Insertion of 1 nucleotides when compared to the reference sequence.	info	B.1.1.7	GR
hCoV-19/Ghana/WACCBIP-GS69/2021	EPI_ISL_944723	2021-01-06	Africa / Ghana	Human	Original	Nasopharyngeal / oropharyngeal		MinION	Artic v. 1.1.3	NS8_K68stop results in 44.6% truncation of the protein sequence. NS8_Q27stop results in 78.5% truncation of the protein sequence. Insertion of 1 nucleotides when compared to the reference sequence.	info	B.1.1.7	GR
hCoV-19/Ghana/WACCBIP-GS126/2021	EPI_ISL_944724	2021-01-07	Africa / Ghana	Human	Original	Nasopharyngeal / oropharyngeal		MinION	Artic v. 1.1.3	NS8_K68stop results in 44.6% truncation of the protein sequence. NS8_Q27stop results in 78.5% truncation of the protein sequence. Insertion of 1 nucleotides when compared to the reference sequence.	info	B.1.1.7	GR
hCoV-19/Ghana/WACCBIP-GS59/2021	EPI_ISL_944725	2021-01-06	Africa / Ghana	Human	Original	Nasopharyngeal / oropharyngeal		MinION	Artic v. 1.1.3	NS8_K68stop results in 44.6% truncation of the protein sequence. NS8_Q27stop results in 78.5% truncation of the protein sequence. Insertion of 1 nucleotides when compared to the reference sequence.	info	B.1.1.7	GR
hCoV-19/Ghana/WACCBIP-GS131/2021	EPI_ISL_944726	2021-01-01	Africa / Ghana	Human	Original	Nasopharyngeal / oropharyngeal		MinION	Artic v. 1.1.3	NS8_K68stop results in 44.6% truncation of the protein sequence. NS8_Q27stop results in 78.5% truncation of the protein sequence. Insertion of 1 nucleotides when compared to the reference sequence.	info	B.1.1.7	GR
hCoV-19/Ghana/WACCBIP-GS156/2021	EPI_ISL_944727	2021-01-03	Africa / Ghana	Human	Original	Nasopharyngeal / oropharyngeal		MinION	Artic v. 1.1.3	Stretches of NNNs (1.02% of overall sequence). Insertion of 1 nucleotides when compared to the reference sequence.	warn	B.1.1.7	GR
hCoV-19/Ghana/WACCBIP-GS84/2021	EPI_ISL_944728	2021-01-06	Africa / Ghana	Human	Original	Nasopharyngeal / oropharyngeal		MinION	Artic v. 1.1.3	Stretches of NNNs (1.68% of overall sequence). Insertion of 1 nucleotides when compared to the reference sequence.	warn	B.1.1.420	GR
hCoV-19/Ghana/WACCBIP-GS57/2021	EPI_ISL_944729	2021-01-06	Africa / Ghana	Human	Original	Nasopharyngeal / oropharyngeal		MinION	Artic v. 1.1.3	Insertion of 1 nucleotides when compared to the reference sequence.	info	B.1.525	G
hCoV-19/Ghana/WACCBIP-GS91/2021	EPI_ISL_944730	2021-01-06	Africa / Ghana	Human	Original	Nasopharyngeal / oropharyngeal		MinION	Artic v. 1.1.3	Stretches of NNNs (1.00% of overall sequence). Insertion of 1 nucleotides when compared to the reference sequence. %UniqueMutations 0.06%.	warn	B.1.525	G
hCoV-19/Ghana/WACCBIP-GS62/2021	EPI_ISL_944731	2021-01-06	Africa / Ghana	Human	Original	Nasopharyngeal / oropharyngeal		MinION	Artic v. 1.1.3	Stretches of NNNs (2.77% of overall sequence). Insertion of 1 nucleotides when compared to the reference sequence. %UniqueMutations 0.07%.	warn	B.1.525	G
hCoV-19/Ghana/WACCBIP-GS102/2021	EPI_ISL_944732	2021-01-06	Africa / Ghana	Human	Original	Nasopharyngeal / oropharyngeal		MinION	Artic v. 1.1.3	Insertion of 1 nucleotides when compared to the reference sequence. %UniqueMutations 0.06%.	warn	B.1.525	G
hCoV-19/Ghana/WACCBIP-GS106/2021	EPI_ISL_944733	2021-01-06	Africa / Ghana	Human	Original	Nasopharyngeal / oropharyngeal		MinION	Artic v. 1.1.3	Insertion of 1 nucleotides when compared to the reference sequence.	info	B.1.1.404	GR
hCoV-19/Ghana/WACCBIP-GS170/2021	EPI_ISL_944734	2021-01-13	Africa / Ghana	Human	Original	Nasopharyngeal / oropharyngeal		MinION	Artic v. 1.1.3	Insertion of 1 nucleotides when compared to the reference sequence. %UniqueMutations 0.06%.	warn	B.1.1	GR
hCoV-19/Ghana/WACCBIP-GS55/2021	EPI_ISL_944735	2021-01-06	Africa / Ghana	Human	Original	Nasopharyngeal / oropharyngeal		MinION	Artic v. 1.1.3	Insertion of 1 nucleotides when compared to the reference sequence.	info	B.1	S
